Date,Symbol,Open,High,Low,Close,Volume
2010-01-04,TATAMOTORS,789.9,829.0,789.3,826.45,5522060
2010-01-05,TATAMOTORS,820.0,844.7,774.45,812.05,4683627
2010-01-06,TATAMOTORS,819.7,823.4,805.1,813.3,2966347
2010-01-07,TATAMOTORS,814.5,818.3,780.0,785.5,4496180
2010-01-08,TATAMOTORS,790.0,804.8,785.05,789.8,3264144
2010-01-11,TATAMOTORS,799.0,799.0,782.25,790.15,2330275
2010-01-12,TATAMOTORS,788.0,797.0,781.05,786.3,2108807
2010-01-13,TATAMOTORS,785.0,794.4,772.1,784.95,3494394
2010-01-14,TATAMOTORS,786.0,792.3,779.55,782.15,1706935
2010-01-15,TATAMOTORS,783.0,803.5,775.0,797.2,3750935
2010-01-18,TATAMOTORS,793.65,813.7,785.25,810.85,3711513
2010-01-19,TATAMOTORS,813.0,818.8,802.05,806.7,2287394
2010-01-20,TATAMOTORS,810.0,812.4,799.05,804.95,2015455
2010-01-21,TATAMOTORS,799.7,803.65,780.3,782.75,1838675
2010-01-22,TATAMOTORS,762.4,787.5,754.0,778.05,2512751
2010-01-25,TATAMOTORS,778.2,783.0,760.0,768.65,1671809
2010-01-27,TATAMOTORS,752.0,762.4,711.2,717.95,3184421
2010-01-28,TATAMOTORS,725.0,734.65,702.25,711.1,5366454
2010-01-29,TATAMOTORS,705.0,711.8,671.5,694.35,4135524
2010-02-01,TATAMOTORS,687.7,723.35,678.35,719.85,4769256
2010-02-02,TATAMOTORS,730.0,740.0,705.05,709.45,4317482
2010-02-03,TATAMOTORS,715.0,727.0,709.35,721.55,2308382
2010-02-04,TATAMOTORS,721.0,725.0,686.1,689.6,2842331
2010-02-05,TATAMOTORS,670.0,678.5,658.15,672.2,4402157
2010-02-06,TATAMOTORS,675.0,682.5,675.0,680.2,326199
2010-02-08,TATAMOTORS,675.05,687.9,633.75,673.25,3433210
2010-02-09,TATAMOTORS,665.25,688.0,664.05,676.35,2648549
2010-02-10,TATAMOTORS,685.0,694.0,667.0,669.7,2660045
2010-02-11,TATAMOTORS,675.0,691.9,673.55,687.8,1998410
2010-02-15,TATAMOTORS,693.9,702.4,680.5,683.15,2403097
2010-02-16,TATAMOTORS,687.1,709.0,685.0,703.15,2023822
2010-02-17,TATAMOTORS,710.0,722.0,708.05,711.5,2477522
2010-02-18,TATAMOTORS,714.5,719.9,703.5,709.85,2346937
2010-02-19,TATAMOTORS,704.0,709.4,687.4,699.8,2505996
2010-02-22,TATAMOTORS,710.0,714.7,701.55,705.05,1719255
2010-02-23,TATAMOTORS,699.0,711.9,695.0,699.7,2583150
2010-02-24,TATAMOTORS,692.0,698.35,675.0,684.45,3052857
2010-02-25,TATAMOTORS,688.0,688.0,661.35,667.4,4692977
2010-02-26,TATAMOTORS,665.0,720.65,665.0,711.2,5526509
2010-03-02,TATAMOTORS,720.0,807.6,720.0,798.05,9871959
2010-03-03,TATAMOTORS,810.0,813.95,795.2,809.25,6852223
2010-03-04,TATAMOTORS,808.9,829.7,799.15,813.0,7319326
2010-03-05,TATAMOTORS,818.0,818.0,791.7,794.25,5344468
2010-03-08,TATAMOTORS,800.0,817.1,793.15,797.65,4041502
2010-03-09,TATAMOTORS,785.0,785.0,763.0,776.05,11411245
2010-03-10,TATAMOTORS,778.0,792.8,775.45,778.75,4505879
2010-03-11,TATAMOTORS,780.0,782.8,766.75,770.4,2616947
2010-03-12,TATAMOTORS,773.0,779.05,758.85,760.9,3569436
2010-03-15,TATAMOTORS,755.0,775.7,752.0,769.1,3471375
2010-03-16,TATAMOTORS,773.0,788.35,772.1,786.05,2849700
2010-03-17,TATAMOTORS,789.8,795.75,778.0,780.5,3721662
2010-03-18,TATAMOTORS,782.7,789.0,774.2,780.3,2039936
2010-03-19,TATAMOTORS,775.5,786.45,775.0,783.65,1971117
2010-03-22,TATAMOTORS,777.0,783.25,758.6,760.2,3003303
2010-03-23,TATAMOTORS,760.0,768.45,736.0,739.3,4765364
2010-03-25,TATAMOTORS,745.0,753.0,714.25,725.2,8706893
2010-03-26,TATAMOTORS,731.5,756.8,728.4,749.75,7802565
2010-03-29,TATAMOTORS,753.1,759.5,735.05,740.6,5205702
2010-03-30,TATAMOTORS,744.9,759.6,740.6,755.95,5530056
2010-03-31,TATAMOTORS,758.0,766.5,751.2,757.7,3197088
2010-04-01,TATAMOTORS,760.0,780.0,760.0,777.65,3958900
2010-04-05,TATAMOTORS,783.15,788.0,756.0,781.45,3188203
2010-04-06,TATAMOTORS,784.9,785.9,768.5,774.15,2358889
2010-04-07,TATAMOTORS,774.95,798.0,774.5,795.35,3973233
2010-04-08,TATAMOTORS,796.0,797.0,769.4,778.05,2248784
2010-04-09,TATAMOTORS,785.0,814.35,780.0,809.65,5807160
2010-04-12,TATAMOTORS,809.95,809.95,778.1,781.05,5893176
2010-04-13,TATAMOTORS,783.0,786.7,761.1,774.7,9792841
2010-04-15,TATAMOTORS,780.0,797.4,772.0,775.35,6006254
2010-04-16,TATAMOTORS,775.0,789.45,774.3,784.75,3366696
2010-04-19,TATAMOTORS,766.25,779.5,763.4,775.8,3611547
2010-04-20,TATAMOTORS,777.0,798.85,777.0,792.35,4193100
2010-04-21,TATAMOTORS,794.2,812.0,775.15,809.4,4938722
2010-04-22,TATAMOTORS,806.9,854.7,801.0,836.65,10511001
2010-04-23,TATAMOTORS,838.0,848.5,827.5,844.45,5731749
2010-04-26,TATAMOTORS,847.0,860.8,835.0,850.8,3113708
2010-04-27,TATAMOTORS,849.3,854.8,843.05,846.55,4498664
2010-04-28,TATAMOTORS,830.1,843.9,700.0,821.55,3896397
2010-04-29,TATAMOTORS,829.9,849.9,823.35,842.55,8275957
2010-04-30,TATAMOTORS,848.0,878.5,845.0,872.6,6106181
2010-05-03,TATAMOTORS,871.0,882.7,847.65,854.45,4704300
2010-05-04,TATAMOTORS,859.05,869.5,838.1,842.2,3753436
2010-05-05,TATAMOTORS,820.0,841.6,806.35,834.85,3749149
2010-05-06,TATAMOTORS,835.0,835.0,806.2,813.45,4751129
2010-05-07,TATAMOTORS,804.8,804.8,758.1,762.75,5699256
2010-05-10,TATAMOTORS,792.0,817.0,765.55,813.6,4397248
2010-05-11,TATAMOTORS,816.6,819.0,793.25,799.9,4299820
2010-05-12,TATAMOTORS,795.1,811.9,791.5,802.65,3787352
2010-05-13,TATAMOTORS,809.95,836.9,809.15,830.85,4722484
2010-05-14,TATAMOTORS,832.0,835.0,810.6,816.25,2736699
2010-05-17,TATAMOTORS,807.0,807.0,774.6,789.2,4783728
2010-05-18,TATAMOTORS,795.0,795.0,765.2,772.35,4518167
2010-05-19,TATAMOTORS,765.0,765.0,707.05,714.9,8430562
2010-05-20,TATAMOTORS,718.0,732.3,695.35,711.9,6426699
2010-05-21,TATAMOTORS,690.0,714.3,676.5,709.85,8391868
2010-05-24,TATAMOTORS,720.0,739.4,702.0,706.95,5477862
2010-05-25,TATAMOTORS,699.0,699.4,670.0,673.45,4530717
2010-05-26,TATAMOTORS,675.0,713.9,675.0,709.5,5331155
2010-05-27,TATAMOTORS,707.1,750.0,704.45,741.75,9131458
2010-05-28,TATAMOTORS,760.0,773.7,742.55,749.5,7729037
2010-05-31,TATAMOTORS,753.9,764.3,741.0,755.0,4435066
2010-06-01,TATAMOTORS,748.1,758.4,720.55,724.95,4758734
2010-06-02,TATAMOTORS,735.0,749.85,726.1,746.15,5679867
2010-06-03,TATAMOTORS,755.0,772.0,755.0,767.25,4891618
2010-06-04,TATAMOTORS,767.7,775.85,755.6,771.6,3498591
2010-06-07,TATAMOTORS,756.0,756.0,732.4,737.1,5512536
2010-06-08,TATAMOTORS,737.0,756.5,731.0,735.8,5338368
2010-06-09,TATAMOTORS,735.0,744.7,723.2,728.05,6586687
2010-06-10,TATAMOTORS,738.65,762.45,730.0,759.1,4937054
2010-06-11,TATAMOTORS,769.5,772.9,757.65,764.9,5228081
2010-06-14,TATAMOTORS,768.0,772.8,754.15,760.25,3491480
2010-06-15,TATAMOTORS,761.0,769.0,749.4,759.7,3235535
2010-06-16,TATAMOTORS,765.0,788.0,765.0,780.35,5148565
2010-06-17,TATAMOTORS,784.0,805.5,775.0,802.2,4720955
2010-06-18,TATAMOTORS,805.0,812.0,793.0,801.8,4139966
2010-06-21,TATAMOTORS,809.0,823.35,805.1,807.3,3956173
2010-06-22,TATAMOTORS,809.5,809.5,791.6,797.65,3121526
2010-06-23,TATAMOTORS,790.1,806.9,788.05,791.05,3440271
2010-06-24,TATAMOTORS,792.3,797.8,781.75,785.2,3016736
2010-06-25,TATAMOTORS,785.2,789.0,765.75,768.9,3367733
2010-06-28,TATAMOTORS,770.0,793.85,770.0,789.25,2484706
2010-06-29,TATAMOTORS,789.0,789.0,766.5,770.95,2827895
2010-06-30,TATAMOTORS,760.25,781.85,758.8,778.5,3458935
2010-07-01,TATAMOTORS,777.8,780.1,761.15,762.75,2428943
2010-07-02,TATAMOTORS,770.0,775.85,763.0,766.4,2382202
2010-07-05,TATAMOTORS,764.95,779.75,759.1,763.2,3185605
2010-07-06,TATAMOTORS,764.95,771.8,761.0,767.9,2774349
2010-07-07,TATAMOTORS,766.5,769.9,748.4,750.95,2523759
2010-07-08,TATAMOTORS,760.0,766.1,754.65,756.15,2254969
2010-07-09,TATAMOTORS,761.0,772.5,759.0,770.7,3150062
2010-07-12,TATAMOTORS,777.0,793.2,772.3,790.15,4403212
2010-07-13,TATAMOTORS,791.0,804.7,787.55,801.9,2907202
2010-07-14,TATAMOTORS,807.0,814.8,795.0,800.0,2706581
2010-07-15,TATAMOTORS,800.0,812.0,791.0,809.5,3097080
2010-07-16,TATAMOTORS,810.0,835.85,808.95,832.4,5229287
2010-07-19,TATAMOTORS,827.0,833.9,821.15,825.3,1846759
2010-07-20,TATAMOTORS,829.0,833.0,809.0,813.05,1753304
2010-07-21,TATAMOTORS,818.0,825.9,816.4,820.35,1828912
2010-07-22,TATAMOTORS,819.0,840.0,815.0,837.0,2621538
2010-07-23,TATAMOTORS,842.1,846.95,831.4,838.4,2610976
2010-07-26,TATAMOTORS,841.0,841.2,818.1,821.2,1771276
2010-07-27,TATAMOTORS,821.0,847.95,821.0,844.55,2878161
2010-07-28,TATAMOTORS,842.0,858.5,842.0,854.8,2832248
2010-07-29,TATAMOTORS,856.1,869.25,845.4,866.7,3581832
2010-07-30,TATAMOTORS,854.0,860.8,843.25,846.35,2142426
2010-08-02,TATAMOTORS,853.95,862.9,843.2,847.35,2191379
2010-08-03,TATAMOTORS,854.9,856.0,839.1,841.8,2914482
2010-08-04,TATAMOTORS,843.0,848.0,835.0,844.45,1504587
2010-08-05,TATAMOTORS,846.0,866.75,842.9,861.0,2915964
2010-08-06,TATAMOTORS,860.0,901.8,858.25,893.7,6905308
2010-08-09,TATAMOTORS,898.7,921.75,895.0,919.4,4247338
2010-08-10,TATAMOTORS,925.0,967.0,887.2,957.3,16038550
2010-08-11,TATAMOTORS,962.25,1024.5,961.55,1006.7,16322967
2010-08-12,TATAMOTORS,1007.0,1033.2,990.55,1024.7,6862401
2010-08-13,TATAMOTORS,1027.0,1035.0,1007.5,1013.4,3872734
2010-08-16,TATAMOTORS,1016.85,1022.65,992.7,1001.35,2672328
2010-08-17,TATAMOTORS,1004.85,1018.8,998.0,1006.65,4137627
2010-08-18,TATAMOTORS,1014.0,1058.5,1013.0,1048.3,6618229
2010-08-19,TATAMOTORS,1040.0,1050.0,1031.95,1040.45,3033774
2010-08-20,TATAMOTORS,1028.7,1038.0,1012.85,1015.35,3991898
2010-08-23,TATAMOTORS,1019.85,1026.2,1006.0,1015.35,2550409
2010-08-24,TATAMOTORS,1015.9,1020.0,1007.1,1011.75,1952925
2010-08-25,TATAMOTORS,1007.5,1013.45,983.1,992.3,3120975
2010-08-26,TATAMOTORS,990.0,1017.95,987.15,997.4,6112716
2010-08-27,TATAMOTORS,997.0,1011.9,987.1,990.8,2553224
2010-08-30,TATAMOTORS,1004.0,1009.9,980.2,989.85,2595748
2010-08-31,TATAMOTORS,985.0,1014.9,981.35,1010.35,6437448
2010-09-01,TATAMOTORS,1015.0,1019.5,1003.15,1010.75,2853937
2010-09-02,TATAMOTORS,1021.0,1031.95,1014.0,1016.95,2711630
2010-09-03,TATAMOTORS,1020.1,1025.25,1010.25,1013.75,1184668
2010-09-06,TATAMOTORS,1019.6,1040.0,1019.6,1035.0,2140182
2010-09-07,TATAMOTORS,1033.0,1060.5,1033.0,1039.15,2197504
2010-09-08,TATAMOTORS,1035.0,1043.7,1026.15,1032.9,1581435
2010-09-09,TATAMOTORS,1034.0,1043.4,1008.65,1014.85,2356855
2010-09-13,TATAMOTORS,1021.2,1034.5,1017.3,1027.0,2457220
2010-09-14,TATAMOTORS,1035.0,1068.0,1025.0,1055.2,5681617
2010-09-15,TATAMOTORS,1065.0,1079.0,1019.1,1024.6,6505310
2010-09-16,TATAMOTORS,1025.5,1041.0,1020.0,1028.8,3666178
2010-09-17,TATAMOTORS,1039.0,1047.9,1029.5,1035.5,2838439
2010-09-20,TATAMOTORS,1039.95,1061.1,1037.0,1057.45,2658263
2010-09-21,TATAMOTORS,1058.0,1085.0,1051.4,1080.6,4790004
2010-09-22,TATAMOTORS,1098.9,1109.0,1059.25,1070.9,3124979
2010-09-23,TATAMOTORS,1074.0,1080.0,1062.5,1074.3,2231317
2010-09-24,TATAMOTORS,1067.0,1077.35,1062.15,1072.9,1590464
2010-09-27,TATAMOTORS,1090.5,1095.0,1070.3,1083.7,2185271
2010-09-28,TATAMOTORS,1078.95,1085.0,1066.5,1080.5,1625571
2010-09-29,TATAMOTORS,1080.85,1109.85,1080.55,1106.45,4037658
2010-09-30,TATAMOTORS,1109.95,1115.0,1086.25,1098.1,3110520
2010-10-01,TATAMOTORS,1105.0,1155.0,1101.0,1114.15,6868939
2010-10-04,TATAMOTORS,1125.9,1147.0,1100.0,1139.05,3516210
2010-10-05,TATAMOTORS,1144.95,1145.15,1128.2,1134.35,2149167
2010-10-06,TATAMOTORS,1143.95,1150.9,1135.0,1138.7,2857654
2010-10-07,TATAMOTORS,1140.0,1148.0,1117.65,1128.7,1879554
2010-10-08,TATAMOTORS,1134.4,1139.65,1093.0,1102.95,2700519
2010-10-11,TATAMOTORS,1118.0,1158.75,1106.0,1151.6,2579599
2010-10-12,TATAMOTORS,1150.85,1164.9,1145.45,1156.6,2924615
2010-10-13,TATAMOTORS,1156.6,1182.5,1148.85,1176.35,2672500
2010-10-14,TATAMOTORS,1178.0,1195.0,1171.55,1183.25,2642230
2010-10-15,TATAMOTORS,1184.0,1189.8,1150.7,1156.05,1847851
2010-10-18,TATAMOTORS,1145.0,1177.75,1132.25,1168.95,3104849
2010-10-19,TATAMOTORS,1180.0,1188.0,1170.0,1174.15,2025249
2010-10-20,TATAMOTORS,1169.9,1177.0,1153.0,1157.65,1549041
2010-10-21,TATAMOTORS,1165.0,1178.45,1161.0,1167.1,2017018
2010-10-22,TATAMOTORS,1173.4,1175.05,1145.15,1148.85,2111964
2010-10-25,TATAMOTORS,1155.3,1189.9,1155.3,1185.65,1873775
2010-10-26,TATAMOTORS,1185.8,1200.0,1178.55,1194.75,2814639
2010-10-27,TATAMOTORS,1190.0,1202.0,1183.5,1196.05,1684316
2010-10-28,TATAMOTORS,1200.0,1210.0,1185.25,1192.6,3200678
2010-10-29,TATAMOTORS,1192.6,1196.7,1141.1,1159.0,2132848
2010-11-01,TATAMOTORS,1179.6,1184.85,1163.3,1170.6,1558623
2010-11-02,TATAMOTORS,1175.2,1176.0,1145.05,1154.25,2303758
2010-11-03,TATAMOTORS,1161.95,1191.9,1161.7,1185.55,1592182
2010-11-04,TATAMOTORS,1194.9,1240.0,1178.0,1234.05,3703358
2010-11-05,TATAMOTORS,1246.0,1252.1,1239.0,1244.95,373757
2010-11-08,TATAMOTORS,1250.0,1279.9,1242.55,1269.25,2846942
2010-11-09,TATAMOTORS,1280.95,1294.0,1261.65,1269.9,3901323
2010-11-10,TATAMOTORS,1346.0,1348.0,1297.2,1302.5,5687186
2010-11-11,TATAMOTORS,1319.0,1323.2,1264.7,1275.95,3854920
2010-11-12,TATAMOTORS,1265.0,1290.9,1241.6,1246.25,3165674
2010-11-15,TATAMOTORS,1247.0,1257.8,1224.0,1252.2,2854821
2010-11-16,TATAMOTORS,1265.0,1265.5,1187.4,1205.55,3668755
2010-11-18,TATAMOTORS,1218.0,1237.0,1176.4,1230.75,5057615
2010-11-19,TATAMOTORS,1240.0,1245.0,1177.0,1189.0,3233804
2010-11-22,TATAMOTORS,1206.0,1233.7,1191.05,1227.7,2157159
2010-11-23,TATAMOTORS,1218.0,1229.4,1181.2,1213.5,3463587
2010-11-24,TATAMOTORS,1216.1,1260.7,1205.1,1218.85,4096644
2010-11-25,TATAMOTORS,1230.5,1249.9,1200.05,1205.8,3680676
2010-11-26,TATAMOTORS,1212.0,1217.9,1138.0,1166.45,4652687
2010-11-29,TATAMOTORS,1165.9,1194.15,1145.0,1186.0,2245153
2010-11-30,TATAMOTORS,1175.05,1244.25,1163.35,1234.95,3698167
2010-12-01,TATAMOTORS,1230.0,1303.0,1226.25,1286.75,5994329
2010-12-02,TATAMOTORS,1298.8,1328.5,1295.8,1320.15,5731817
2010-12-03,TATAMOTORS,1316.0,1346.7,1302.95,1314.7,5671000
2010-12-06,TATAMOTORS,1325.0,1382.0,1323.05,1357.85,8881460
2010-12-07,TATAMOTORS,1350.1,1352.3,1312.2,1335.4,4801008
2010-12-08,TATAMOTORS,1332.0,1346.9,1296.0,1336.1,7396827
2010-12-09,TATAMOTORS,1337.05,1340.0,1259.0,1273.85,5447129
2010-12-10,TATAMOTORS,1267.0,1268.0,1212.0,1247.6,4411832
2010-12-13,TATAMOTORS,1256.0,1293.8,1253.2,1277.2,3283615
2010-12-14,TATAMOTORS,1287.0,1315.0,1268.3,1305.95,3791092
2010-12-15,TATAMOTORS,1302.8,1335.0,1290.1,1322.9,3608508
2010-12-16,TATAMOTORS,1319.0,1368.4,1291.25,1347.0,3822439
2010-12-20,TATAMOTORS,1332.0,1363.9,1322.5,1351.0,2809244
2010-12-21,TATAMOTORS,1351.0,1363.9,1332.8,1350.0,2139463
2010-12-22,TATAMOTORS,1356.1,1371.4,1347.0,1365.15,2538398
2010-12-23,TATAMOTORS,1361.0,1374.5,1335.8,1352.75,2039011
2010-12-24,TATAMOTORS,1342.0,1349.0,1302.1,1306.15,3191356
2010-12-27,TATAMOTORS,1304.0,1320.9,1292.85,1301.1,1729961
2010-12-28,TATAMOTORS,1305.5,1307.2,1263.25,1268.9,3609994
2010-12-29,TATAMOTORS,1270.0,1279.9,1252.0,1273.85,3058551
2010-12-30,TATAMOTORS,1274.0,1305.0,1273.2,1300.15,2887614
2010-12-31,TATAMOTORS,1306.0,1315.9,1296.0,1308.35,1750451
2011-01-03,TATAMOTORS,1327.7,1335.0,1301.2,1308.45,1678140
2011-01-04,TATAMOTORS,1313.9,1320.6,1285.05,1298.4,2333384
2011-01-05,TATAMOTORS,1300.0,1309.9,1276.0,1282.8,1576151
2011-01-06,TATAMOTORS,1289.2,1300.9,1248.35,1261.0,2182701
2011-01-07,TATAMOTORS,1260.0,1263.35,1160.0,1190.2,4318326
2011-01-10,TATAMOTORS,1191.0,1206.9,1157.4,1176.7,4764220
2011-01-11,TATAMOTORS,1183.9,1198.9,1140.55,1158.05,4240627
2011-01-12,TATAMOTORS,1180.0,1223.1,1176.0,1218.0,4783793
2011-01-13,TATAMOTORS,1221.0,1246.95,1212.0,1236.7,5733344
2011-01-14,TATAMOTORS,1225.0,1225.0,1172.0,1182.4,3438870
2011-01-17,TATAMOTORS,1187.45,1188.0,1155.5,1178.85,2401956
2011-01-18,TATAMOTORS,1185.0,1208.6,1182.0,1199.55,2827658
2011-01-19,TATAMOTORS,1207.8,1207.9,1183.3,1192.75,2429130
2011-01-20,TATAMOTORS,1184.9,1202.0,1162.15,1194.7,2337303
2011-01-21,TATAMOTORS,1190.0,1204.0,1172.35,1187.4,2137983
2011-01-24,TATAMOTORS,1187.4,1197.8,1175.1,1188.3,1270451
2011-01-25,TATAMOTORS,1198.8,1198.8,1159.9,1166.0,2516799
2011-01-27,TATAMOTORS,1181.95,1199.5,1171.0,1195.85,4165911
2011-01-28,TATAMOTORS,1188.0,1189.9,1122.0,1150.3,3106133
2011-01-31,TATAMOTORS,1115.0,1159.0,1112.1,1147.05,2530027
2011-02-01,TATAMOTORS,1151.45,1151.45,1063.0,1069.05,5105505
2011-02-02,TATAMOTORS,1087.3,1128.9,1077.3,1114.25,4445302
2011-02-03,TATAMOTORS,1099.8,1164.5,1094.0,1156.8,2805179
2011-02-04,TATAMOTORS,1150.25,1189.95,1140.0,1150.85,4927297
2011-02-07,TATAMOTORS,1141.1,1159.85,1110.8,1146.35,3497490
2011-02-08,TATAMOTORS,1150.0,1157.8,1104.25,1112.25,2989423
2011-02-09,TATAMOTORS,1100.0,1117.8,1052.5,1073.6,4886364
2011-02-10,TATAMOTORS,1076.0,1116.9,1073.6,1102.5,3042596
2011-02-11,TATAMOTORS,1108.4,1170.0,1098.75,1142.7,3644665
2011-02-14,TATAMOTORS,1193.5,1221.8,1191.85,1209.25,4424196
2011-02-15,TATAMOTORS,1213.9,1247.9,1201.85,1237.35,4025122
2011-02-16,TATAMOTORS,1234.0,1244.7,1217.35,1238.45,1760803
2011-02-17,TATAMOTORS,1231.95,1254.45,1225.2,1248.6,1737971
2011-02-18,TATAMOTORS,1249.0,1257.9,1201.1,1205.55,2579872
2011-02-21,TATAMOTORS,1205.0,1208.7,1135.4,1161.75,4404748
2011-02-22,TATAMOTORS,1150.0,1154.0,1122.7,1136.85,2503673
2011-02-23,TATAMOTORS,1135.0,1163.0,1130.1,1143.9,2052678
2011-02-24,TATAMOTORS,1139.0,1141.9,1038.65,1054.4,5437575
2011-02-25,TATAMOTORS,1082.0,1125.0,1072.55,1110.7,4684753
2011-02-28,TATAMOTORS,1115.0,1126.4,1055.0,1082.75,6517299
2011-03-01,TATAMOTORS,1099.0,1146.0,1097.15,1141.85,3288143
2011-03-03,TATAMOTORS,1137.8,1184.7,1120.0,1176.5,4812705
2011-03-04,TATAMOTORS,1193.7,1194.5,1165.9,1175.75,3313941
2011-03-07,TATAMOTORS,1155.0,1155.0,1121.0,1127.95,2974670
2011-03-08,TATAMOTORS,1126.0,1164.9,1125.0,1162.15,2213827
2011-03-09,TATAMOTORS,1171.3,1176.5,1153.0,1163.3,1704505
2011-03-10,TATAMOTORS,1166.1,1174.9,1151.0,1165.0,1869556
2011-03-11,TATAMOTORS,1156.0,1172.0,1132.0,1162.6,2104678
2011-03-14,TATAMOTORS,1155.0,1179.7,1140.2,1175.8,1558207
2011-03-15,TATAMOTORS,1140.3,1159.95,1128.65,1142.1,1783640
2011-03-16,TATAMOTORS,1152.0,1174.4,1146.9,1166.5,1788126
2011-03-17,TATAMOTORS,1148.0,1162.4,1132.55,1139.95,1787373
2011-03-18,TATAMOTORS,1153.0,1153.0,1113.0,1117.45,2499929
2011-03-21,TATAMOTORS,1129.1,1133.4,1115.2,1121.2,1912554
2011-03-22,TATAMOTORS,1130.1,1143.7,1130.1,1136.1,2095566
2011-03-23,TATAMOTORS,1131.55,1144.7,1126.05,1136.9,1634169
2011-03-24,TATAMOTORS,1146.1,1161.9,1145.2,1157.3,1182009
2011-03-25,TATAMOTORS,1170.9,1191.9,1161.3,1183.85,1697574
2011-03-28,TATAMOTORS,1192.0,1227.9,1189.4,1224.0,2103659
2011-03-29,TATAMOTORS,1231.4,1246.0,1212.5,1239.45,2157720
2011-03-30,TATAMOTORS,1241.5,1258.7,1238.6,1249.0,1620328
2011-03-31,TATAMOTORS,1254.9,1260.9,1221.0,1248.35,2566187
2011-04-01,TATAMOTORS,1241.0,1249.9,1234.35,1241.8,1271631
2011-04-04,TATAMOTORS,1240.0,1258.0,1237.0,1254.2,1295147
2011-04-05,TATAMOTORS,1258.5,1284.9,1244.05,1280.35,1951428
2011-04-06,TATAMOTORS,1287.35,1303.7,1278.35,1298.7,2556379
2011-04-07,TATAMOTORS,1289.75,1302.0,1276.5,1290.9,1579291
2011-04-08,TATAMOTORS,1284.0,1287.7,1246.1,1253.3,1363240
2011-04-11,TATAMOTORS,1238.0,1249.9,1210.75,1219.55,1279438
2011-04-13,TATAMOTORS,1209.8,1252.65,1204.9,1248.85,2174825
2011-04-15,TATAMOTORS,1249.0,1269.0,1228.5,1235.85,1540816
2011-04-18,TATAMOTORS,1237.45,1262.8,1201.0,1205.85,1768403
2011-04-19,TATAMOTORS,1198.9,1213.95,1188.35,1201.3,1634043
2011-04-20,TATAMOTORS,1214.7,1255.55,1214.1,1251.75,1836290
2011-04-21,TATAMOTORS,1254.8,1258.0,1233.0,1243.75,1194759
2011-04-25,TATAMOTORS,1236.15,1257.0,1236.15,1242.55,712550
2011-04-26,TATAMOTORS,1241.0,1267.0,1224.5,1261.3,1145068
2011-04-27,TATAMOTORS,1259.0,1272.8,1246.1,1249.5,1302048
2011-04-28,TATAMOTORS,1254.0,1258.25,1228.05,1232.3,1366430
2011-04-29,TATAMOTORS,1229.0,1296.65,1214.0,1236.85,1257830
2011-05-02,TATAMOTORS,1241.5,1244.0,1218.75,1225.35,1161049
2011-05-03,TATAMOTORS,1222.05,1226.85,1148.0,1163.1,2066322
2011-05-04,TATAMOTORS,1163.0,1175.9,1139.2,1159.3,1613262
2011-05-05,TATAMOTORS,1160.0,1174.8,1131.0,1137.15,1067416
2011-05-06,TATAMOTORS,1149.8,1208.0,1145.95,1199.95,2224080
2011-05-06,TATAMOTORS,1149.8,1208.0,1145.95,1199.95,2224080
2011-05-09,TATAMOTORS,1199.0,1202.4,1168.9,1176.85,1266813
2011-05-10,TATAMOTORS,1176.0,1203.45,1171.0,1186.25,1494899
2011-05-11,TATAMOTORS,1186.0,1215.0,1181.25,1211.65,1772226
2011-05-12,TATAMOTORS,1197.9,1220.0,1182.55,1187.0,1881467
2011-05-13,TATAMOTORS,1193.6,1234.2,1187.15,1211.05,2004128
2011-05-16,TATAMOTORS,1200.0,1219.8,1185.1,1215.75,2379703
2011-05-17,TATAMOTORS,1211.0,1218.0,1178.6,1189.0,1561367
2011-05-18,TATAMOTORS,1188.25,1188.95,1142.75,1149.15,2555103
2011-05-19,TATAMOTORS,1154.1,1165.75,1142.05,1150.85,2008459
2011-05-20,TATAMOTORS,1151.2,1181.9,1151.2,1168.65,1426097
2011-05-23,TATAMOTORS,1154.0,1154.0,1123.1,1129.45,1874272
2011-05-24,TATAMOTORS,1129.1,1141.95,1111.95,1121.85,2098258
2011-05-25,TATAMOTORS,1120.5,1141.95,1120.1,1133.8,1791018
2011-05-26,TATAMOTORS,1141.2,1168.7,1140.35,1162.4,2815981
2011-05-27,TATAMOTORS,1175.0,1175.0,1082.0,1088.85,7224010
2011-05-30,TATAMOTORS,1094.95,1101.7,1072.85,1077.35,2837058
2011-05-31,TATAMOTORS,1081.15,1100.1,1075.7,1095.3,4316117
2011-06-01,TATAMOTORS,1096.0,1097.0,1075.6,1079.9,2412309
2011-06-02,TATAMOTORS,1070.0,1070.0,1042.2,1048.2,2604237
2011-06-03,TATAMOTORS,1048.0,1058.0,1014.25,1023.8,3600090
2011-06-06,TATAMOTORS,1011.5,1031.8,1010.25,1023.7,2076683
2011-06-07,TATAMOTORS,1017.0,1033.8,1015.65,1027.2,2117760
2011-06-08,TATAMOTORS,1022.9,1043.65,1021.0,1028.55,2069956
2011-06-09,TATAMOTORS,1029.0,1030.95,1003.4,1021.15,3029331
2011-06-10,TATAMOTORS,1023.4,1024.35,1011.0,1019.6,2051336
2011-06-13,TATAMOTORS,1016.0,1018.75,1004.1,1010.3,1804138
2011-06-14,TATAMOTORS,1008.5,1009.9,981.15,984.0,3593062
2011-06-15,TATAMOTORS,984.0,998.1,974.2,994.15,3376870
2011-06-16,TATAMOTORS,987.5,999.0,980.15,983.65,1759555
2011-06-17,TATAMOTORS,991.95,992.6,976.2,980.95,1387205
2011-06-20,TATAMOTORS,981.5,983.95,925.55,931.0,2402227
2011-06-21,TATAMOTORS,938.0,949.75,930.0,936.2,3090153
2011-06-22,TATAMOTORS,945.0,945.55,927.35,935.9,2151715
2011-06-23,TATAMOTORS,935.0,951.95,926.25,945.0,2797950
2011-06-24,TATAMOTORS,948.25,972.4,948.25,966.45,2526169
2011-06-27,TATAMOTORS,957.0,984.4,950.25,977.75,2165506
2011-06-28,TATAMOTORS,984.0,990.5,967.8,984.7,1741799
2011-06-29,TATAMOTORS,990.9,1012.75,988.35,997.15,3089116
2011-06-30,TATAMOTORS,998.0,1003.9,981.35,994.2,2413313
2011-07-01,TATAMOTORS,1010.0,1010.0,986.0,994.7,1945468
2011-07-04,TATAMOTORS,1009.0,1024.85,1003.5,1011.65,2128863
2011-07-05,TATAMOTORS,1020.0,1028.4,1009.0,1015.95,2316390
2011-07-06,TATAMOTORS,1019.1,1037.95,1011.55,1035.5,2377587
2011-07-07,TATAMOTORS,1033.1,1058.15,1027.0,1055.45,2701986
2011-07-08,TATAMOTORS,1057.0,1074.3,1046.0,1054.0,1886461
2011-07-11,TATAMOTORS,1054.0,1063.0,1045.8,1052.85,1176875
2011-07-12,TATAMOTORS,1036.0,1042.5,1005.0,1024.9,2094402
2011-07-13,TATAMOTORS,1028.0,1048.5,1025.0,1045.7,1448091
2011-07-14,TATAMOTORS,1040.0,1081.5,1035.35,1068.1,2279572
2011-07-15,TATAMOTORS,1061.5,1062.0,1029.3,1033.05,1756894
2011-07-18,TATAMOTORS,1035.0,1046.45,1012.0,1014.8,1667443
2011-07-19,TATAMOTORS,1001.0,1002.15,978.0,983.95,3122797
2011-07-20,TATAMOTORS,990.0,995.65,964.1,968.85,1896414
2011-07-21,TATAMOTORS,972.9,984.95,962.75,977.0,1342469
2011-07-22,TATAMOTORS,987.0,1005.0,980.4,996.95,2146720
2011-07-25,TATAMOTORS,994.0,1011.9,987.1,1006.4,1358645
2011-07-26,TATAMOTORS,1007.9,1013.1,965.65,973.05,1937010
2011-07-27,TATAMOTORS,975.0,977.85,948.3,957.7,1736500
2011-07-28,TATAMOTORS,951.9,966.0,945.45,950.7,1630138
2011-07-29,TATAMOTORS,948.9,955.9,940.0,948.1,1361433
2011-08-01,TATAMOTORS,955.0,966.95,950.65,961.5,1147475
2011-08-02,TATAMOTORS,955.05,962.9,950.0,956.4,1587080
2011-08-03,TATAMOTORS,945.0,945.0,921.3,928.15,1786057
2011-08-04,TATAMOTORS,922.7,928.6,910.35,913.95,3752739
2011-08-05,TATAMOTORS,879.0,892.0,870.0,889.6,2439670
2011-08-08,TATAMOTORS,871.05,872.0,823.75,827.7,3109154
2011-08-09,TATAMOTORS,793.0,821.0,784.05,794.05,4985087
2011-08-09,TATAMOTORS,793.0,821.0,784.05,794.05,4985087
2011-08-10,TATAMOTORS,824.5,849.4,816.0,844.2,3085125
2011-08-11,TATAMOTORS,829.0,862.95,817.0,849.0,3925835
2011-08-12,TATAMOTORS,850.95,850.95,793.1,800.0,5268147
2011-08-16,TATAMOTORS,812.1,819.9,795.05,801.55,2297080
2011-08-17,TATAMOTORS,799.0,800.15,772.1,778.85,2541175
2011-08-18,TATAMOTORS,786.7,787.3,747.9,752.05,2518993
2011-08-19,TATAMOTORS,737.25,739.8,702.15,712.35,5589606
2011-08-22,TATAMOTORS,715.45,742.1,700.0,737.0,4437691
2011-08-23,TATAMOTORS,735.0,746.9,715.0,727.6,3613076
2011-08-24,TATAMOTORS,727.0,736.8,695.05,700.75,3593472
2011-08-25,TATAMOTORS,711.05,721.8,705.2,714.25,3461963
2011-08-26,TATAMOTORS,715.1,732.35,693.6,698.5,3045203
2011-08-29,TATAMOTORS,712.0,736.4,710.0,730.65,3553906
2011-08-30,TATAMOTORS,745.5,748.4,726.85,742.3,3211986
2011-09-02,TATAMOTORS,758.0,763.3,742.0,754.75,3921188
2011-09-05,TATAMOTORS,748.0,759.0,741.3,753.2,2068028
2011-09-06,TATAMOTORS,748.2,773.6,748.2,765.8,3774445
2011-09-07,TATAMOTORS,771.25,780.65,754.15,769.1,2948824
2011-09-08,TATAMOTORS,774.15,793.0,769.0,790.65,2644856
2011-09-09,TATAMOTORS,791.4,791.4,760.5,764.9,2010560
2011-09-12,TATAMOTORS,145.95,149.2,143.5,146.35,11190844
2011-09-13,TATAMOTORS,147.3,148.2,137.55,139.6,16043895
2011-09-14,TATAMOTORS,141.0,143.65,140.0,142.5,11520672
2011-09-15,TATAMOTORS,143.0,152.4,141.55,151.2,13269675
2011-09-16,TATAMOTORS,153.85,163.5,152.4,161.85,33242240
2011-09-19,TATAMOTORS,160.0,164.7,157.8,161.7,16379763
2011-09-20,TATAMOTORS,161.45,166.8,161.45,166.2,14496654
2011-09-21,TATAMOTORS,165.0,166.9,163.5,164.85,11289715
2011-09-22,TATAMOTORS,160.7,161.55,153.6,154.65,11465750
2011-09-23,TATAMOTORS,150.5,151.8,146.0,146.85,21336311
2011-09-26,TATAMOTORS,147.5,148.5,142.25,146.75,9140562
2011-09-27,TATAMOTORS,151.35,157.0,150.6,155.75,11579085
2011-09-28,TATAMOTORS,156.9,159.7,153.2,156.05,12869324
2011-09-29,TATAMOTORS,153.5,162.85,151.2,160.9,20056639
2011-09-30,TATAMOTORS,160.3,162.9,155.25,156.05,11949016
2011-10-03,TATAMOTORS,154.0,157.4,152.35,153.6,7871622
2011-10-04,TATAMOTORS,152.2,152.6,144.75,146.7,17589856
2011-10-05,TATAMOTORS,148.2,151.85,146.65,147.4,8880985
2011-10-07,TATAMOTORS,153.05,160.35,153.05,159.15,15720334
2011-10-10,TATAMOTORS,159.0,172.45,158.9,170.75,20224167
2011-10-11,TATAMOTORS,172.7,177.95,171.35,176.75,22825907
2011-10-12,TATAMOTORS,176.0,190.0,170.65,180.75,27138893
2011-10-13,TATAMOTORS,183.4,186.2,174.75,175.85,18665480
2011-10-14,TATAMOTORS,174.0,181.25,173.75,180.05,14881631
2011-10-17,TATAMOTORS,183.0,191.2,183.0,188.1,24140815
2011-10-18,TATAMOTORS,184.2,184.65,177.8,181.25,15025771
2011-10-19,TATAMOTORS,183.9,188.25,183.9,186.95,12154991
2011-10-20,TATAMOTORS,182.45,184.5,180.75,183.1,13618769
2011-10-21,TATAMOTORS,184.8,185.6,177.15,178.15,12320540
2011-10-24,TATAMOTORS,182.65,187.45,182.65,186.15,12922015
2011-10-24,TATAMOTORS,182.65,187.45,182.65,186.15,12922015
2011-10-25,TATAMOTORS,188.0,193.4,184.8,191.8,16437542
2011-10-26,TATAMOTORS,194.7,194.9,190.35,191.8,4230172
2011-10-28,TATAMOTORS,197.75,208.0,197.25,206.8,17870744
2011-10-31,TATAMOTORS,205.5,205.5,197.75,198.45,13294873
2011-11-01,TATAMOTORS,195.1,202.45,191.8,193.45,20481549
2011-11-02,TATAMOTORS,190.3,196.9,188.1,192.1,23017915
2011-11-03,TATAMOTORS,191.0,192.25,185.4,188.7,21786359
2011-11-04,TATAMOTORS,193.5,193.7,185.75,188.1,17979945
2011-11-08,TATAMOTORS,189.5,190.7,185.25,189.7,12237849
2011-11-09,TATAMOTORS,191.4,191.95,183.8,184.75,13899966
2011-11-11,TATAMOTORS,184.05,188.15,180.5,181.45,18515572
2011-11-14,TATAMOTORS,184.05,185.5,176.15,177.8,15767673
2011-11-15,TATAMOTORS,173.75,184.5,171.9,181.25,22258057
2011-11-16,TATAMOTORS,182.0,183.8,177.75,182.3,16532913
2011-11-17,TATAMOTORS,182.0,183.0,173.8,175.15,12583654
2011-11-18,TATAMOTORS,172.0,172.0,166.95,170.3,12886140
2011-11-21,TATAMOTORS,169.25,169.25,160.15,161.55,13449115
2011-11-22,TATAMOTORS,163.0,175.2,163.0,172.45,23723293
2011-11-23,TATAMOTORS,170.0,171.15,165.55,168.35,14098973
2011-11-24,TATAMOTORS,166.9,174.95,164.15,173.05,19430798
2011-11-25,TATAMOTORS,169.55,179.8,169.55,171.85,19926544
2011-11-28,TATAMOTORS,174.5,182.95,173.85,181.85,15320998
2011-11-29,TATAMOTORS,180.85,181.8,175.7,177.45,13279285
2011-11-30,TATAMOTORS,174.5,176.4,169.55,172.8,15058198
2011-12-01,TATAMOTORS,181.0,185.45,180.9,183.0,16480698
2011-12-02,TATAMOTORS,182.0,192.75,181.75,191.9,15746236
2011-12-05,TATAMOTORS,190.85,194.6,189.2,191.6,11428494
2011-12-07,TATAMOTORS,191.0,195.75,190.0,191.4,12425124
2011-12-08,TATAMOTORS,190.25,191.5,185.85,188.55,12145504
2011-12-09,TATAMOTORS,183.7,185.7,180.1,183.0,14871345
2011-12-12,TATAMOTORS,187.05,187.8,176.2,177.35,14403325
2011-12-13,TATAMOTORS,174.5,182.35,174.25,178.9,14281985
2011-12-14,TATAMOTORS,176.85,181.7,176.2,177.1,14496036
2011-12-15,TATAMOTORS,175.0,176.0,167.5,172.65,18077891
2011-12-16,TATAMOTORS,175.4,179.75,170.3,172.4,15919535
2011-12-19,TATAMOTORS,172.0,180.3,169.25,179.8,20513550
2011-12-20,TATAMOTORS,180.0,180.75,173.85,174.9,14568217
2011-12-21,TATAMOTORS,179.75,181.9,174.7,177.0,21077155
2011-12-22,TATAMOTORS,175.0,184.45,173.5,183.6,12323905
2011-12-23,TATAMOTORS,184.9,187.35,182.7,184.95,10593162
2011-12-26,TATAMOTORS,186.0,188.65,185.1,186.75,7097843
2011-12-27,TATAMOTORS,186.0,186.4,180.85,182.1,6199700
2011-12-28,TATAMOTORS,181.0,183.5,178.85,180.2,8777190
2011-12-29,TATAMOTORS,178.4,182.5,178.1,179.15,9982150
2011-12-30,TATAMOTORS,180.5,183.8,176.8,178.7,9288032
2012-01-02,TATAMOTORS,180.95,185.05,178.8,183.95,10067815
2012-01-03,TATAMOTORS,186.25,194.8,186.2,193.95,15700104
2012-01-04,TATAMOTORS,193.85,202.5,193.0,201.2,22511018
2012-01-05,TATAMOTORS,200.95,205.75,200.2,202.1,21411123
2012-01-06,TATAMOTORS,200.0,205.0,198.5,203.6,13409363
2012-01-07,TATAMOTORS,203.5,204.4,202.75,203.25,928980
2012-01-09,TATAMOTORS,201.85,202.7,198.2,200.6,11480297
2012-01-10,TATAMOTORS,201.0,206.45,201.0,205.1,11788431
2012-01-11,TATAMOTORS,206.2,207.3,201.75,204.9,15458971
2012-01-12,TATAMOTORS,203.0,209.5,202.55,206.2,12058721
2012-01-13,TATAMOTORS,210.15,213.2,206.5,208.8,19007188
2012-01-16,TATAMOTORS,206.0,214.6,203.95,213.75,21477055
2012-01-17,TATAMOTORS,218.0,221.4,216.15,217.4,23807872
2012-01-18,TATAMOTORS,217.35,219.95,212.65,213.85,24272297
2012-01-19,TATAMOTORS,217.0,220.25,216.4,218.45,14411978
2012-01-20,TATAMOTORS,219.9,221.3,215.6,219.1,10540519
2012-01-23,TATAMOTORS,220.9,223.25,217.6,219.1,9127486
2012-01-24,TATAMOTORS,221.0,224.5,216.5,221.95,13795140
2012-01-25,TATAMOTORS,223.0,234.35,222.7,230.95,22401472
2012-01-27,TATAMOTORS,234.6,241.4,232.6,239.85,26107234
2012-01-30,TATAMOTORS,238.2,238.7,231.4,233.9,17288524
2012-01-31,TATAMOTORS,235.1,245.55,235.1,243.75,12974777
2012-02-01,TATAMOTORS,243.85,251.8,243.4,248.4,20257967
2012-02-02,TATAMOTORS,252.5,252.7,244.95,246.45,17382855
2012-02-03,TATAMOTORS,247.25,250.0,240.65,247.65,13971451
2012-02-06,TATAMOTORS,250.5,253.0,245.65,251.75,11740535
2012-02-07,TATAMOTORS,254.75,254.75,248.1,250.35,12643356
2012-02-08,TATAMOTORS,251.9,253.4,245.55,250.6,10137305
2012-02-09,TATAMOTORS,249.2,258.85,248.6,257.3,16635276
2012-02-10,TATAMOTORS,256.7,261.9,255.5,257.35,15661092
2012-02-13,TATAMOTORS,257.3,260.8,253.75,258.3,10826046
2012-02-14,TATAMOTORS,259.45,272.7,258.95,267.95,21562594
2012-02-15,TATAMOTORS,278.7,292.7,278.0,287.85,36821787
2012-02-16,TATAMOTORS,283.0,284.3,274.3,275.9,22683612
2012-02-17,TATAMOTORS,281.4,283.5,271.15,273.95,16865962
2012-02-21,TATAMOTORS,275.2,276.0,269.55,271.3,18313379
2012-02-22,TATAMOTORS,272.0,276.0,265.9,268.45,19307802
2012-02-23,TATAMOTORS,268.0,273.75,265.7,268.45,17239169
2012-02-24,TATAMOTORS,270.0,271.75,263.2,265.45,9297899
2012-02-27,TATAMOTORS,267.9,267.9,255.35,259.95,13321207
2012-02-28,TATAMOTORS,262.45,275.45,262.0,273.35,14818238
2012-02-29,TATAMOTORS,276.0,278.8,267.3,270.95,13002814
2012-03-01,TATAMOTORS,269.9,273.9,265.4,267.2,10231237
2012-03-02,TATAMOTORS,269.5,272.0,264.65,267.65,10962544
2012-03-03,TATAMOTORS,266.4,268.7,266.0,267.95,488065
2012-03-05,TATAMOTORS,267.0,275.6,266.25,274.15,13724738
2012-03-06,TATAMOTORS,274.1,279.0,264.0,267.0,11559507
2012-03-07,TATAMOTORS,265.0,269.8,262.4,267.95,8513827
2012-03-09,TATAMOTORS,272.25,281.95,272.25,280.65,11975682
2012-03-12,TATAMOTORS,283.0,286.9,277.05,284.2,12242332
2012-03-13,TATAMOTORS,286.15,287.6,282.35,283.0,9452132
2012-03-14,TATAMOTORS,286.5,292.0,285.85,290.0,10028660
2012-03-15,TATAMOTORS,289.95,294.15,284.7,290.45,9766291
2012-03-16,TATAMOTORS,288.5,297.85,282.65,286.7,16288569
2012-03-19,TATAMOTORS,287.55,292.5,281.35,283.45,9352941
2012-03-20,TATAMOTORS,283.7,285.95,269.65,271.4,18187838
2012-03-21,TATAMOTORS,271.85,277.45,264.1,276.1,23030066
2012-03-22,TATAMOTORS,274.35,282.4,268.0,270.1,14518733
2012-03-23,TATAMOTORS,272.0,275.6,267.65,272.7,12114513
2012-03-26,TATAMOTORS,272.7,272.7,266.3,268.4,10695245
2012-03-27,TATAMOTORS,272.9,275.5,265.8,272.8,10955140
2012-03-28,TATAMOTORS,271.9,272.65,268.5,271.15,7516739
2012-03-29,TATAMOTORS,268.85,274.0,267.2,271.95,9807259
2012-03-30,TATAMOTORS,275.0,276.6,272.9,275.25,6343086
2012-04-02,TATAMOTORS,279.9,280.0,275.7,276.8,7925946
2012-04-03,TATAMOTORS,278.5,282.0,275.3,281.25,8217743
2012-04-04,TATAMOTORS,280.0,281.8,277.3,278.55,4783053
2012-04-09,TATAMOTORS,277.0,278.85,273.7,275.6,3938410
2012-04-10,TATAMOTORS,276.1,284.7,275.5,283.75,8158548
2012-04-11,TATAMOTORS,281.15,286.45,280.7,283.05,9845563
2012-04-12,TATAMOTORS,285.25,287.7,284.0,286.2,5662436
2012-04-13,TATAMOTORS,288.0,294.6,287.0,289.3,7715327
2012-04-16,TATAMOTORS,289.75,301.9,286.85,300.7,12236366
2012-04-17,TATAMOTORS,304.0,304.95,296.65,301.35,13941921
2012-04-18,TATAMOTORS,303.5,311.25,303.0,309.75,16888385
2012-04-19,TATAMOTORS,311.35,320.3,309.6,319.25,15579229
2012-04-20,TATAMOTORS,317.7,320.75,312.5,316.65,8967838
2012-04-23,TATAMOTORS,316.5,319.9,308.65,309.75,7833302
2012-04-24,TATAMOTORS,309.5,314.25,309.05,311.85,6156943
2012-04-25,TATAMOTORS,312.85,315.45,309.25,313.95,8616061
2012-04-26,TATAMOTORS,315.9,315.9,310.35,312.1,6768605
2012-04-27,TATAMOTORS,312.8,313.7,307.7,312.65,5604087
2012-04-28,TATAMOTORS,313.0,314.2,311.1,313.1,213905
2012-04-30,TATAMOTORS,310.0,317.5,309.95,316.55,4648258
2012-05-02,TATAMOTORS,312.95,312.95,303.65,304.5,10171961
2012-05-03,TATAMOTORS,304.15,305.0,299.4,300.95,10047793
2012-05-04,TATAMOTORS,298.5,303.7,295.3,301.8,11603174
2012-05-07,TATAMOTORS,297.9,310.0,291.55,308.4,13072268
2012-05-08,TATAMOTORS,308.0,309.55,295.0,296.4,10733073
2012-05-09,TATAMOTORS,291.95,297.3,289.4,292.85,11204204
2012-05-10,TATAMOTORS,294.05,297.15,287.1,289.2,6651924
2012-05-11,TATAMOTORS,288.05,301.9,288.05,297.5,7947629
2012-05-14,TATAMOTORS,299.0,300.65,285.65,290.6,7048752
2012-05-15,TATAMOTORS,288.0,292.5,284.65,290.35,9120585
2012-05-16,TATAMOTORS,276.9,277.05,267.75,269.0,23045441
2012-05-17,TATAMOTORS,268.6,275.9,263.65,271.15,13669207
2012-05-18,TATAMOTORS,265.0,266.7,256.0,259.9,12592092
2012-05-21,TATAMOTORS,260.2,264.25,258.1,261.85,7849273
2012-05-22,TATAMOTORS,266.9,269.65,263.4,265.1,8507484
2012-05-23,TATAMOTORS,262.1,265.45,259.5,261.45,7773910
2012-05-24,TATAMOTORS,262.8,268.05,256.9,267.0,8791666
2012-05-25,TATAMOTORS,265.75,271.8,262.35,269.05,5198207
2012-05-28,TATAMOTORS,270.7,277.65,268.05,276.6,8099946
2012-05-29,TATAMOTORS,280.9,283.1,273.05,275.75,12557243
2012-05-30,TATAMOTORS,259.0,259.8,241.55,243.05,40496695
2012-05-31,TATAMOTORS,237.9,239.1,230.3,233.0,37435731
2012-06-01,TATAMOTORS,235.0,236.0,222.55,224.55,23853819
2012-06-04,TATAMOTORS,220.35,230.4,217.25,228.85,18440204
2012-06-05,TATAMOTORS,228.2,229.35,221.05,221.65,15397005
2012-06-06,TATAMOTORS,223.15,236.4,223.15,234.4,26730021
2012-06-07,TATAMOTORS,235.55,238.9,232.05,236.45,13589288
2012-06-08,TATAMOTORS,234.0,239.95,232.9,239.2,10370787
2012-06-11,TATAMOTORS,241.0,243.95,233.6,235.5,9868143
2012-06-12,TATAMOTORS,232.7,243.8,232.55,242.95,12949161
2012-06-13,TATAMOTORS,244.0,244.0,236.25,237.4,9855791
2012-06-14,TATAMOTORS,238.0,239.45,225.6,226.7,12660831
2012-06-15,TATAMOTORS,228.1,241.45,228.1,240.3,16396352
2012-06-18,TATAMOTORS,243.0,248.0,234.25,237.95,18164571
2012-06-19,TATAMOTORS,239.0,242.6,236.25,238.15,10439657
2012-06-20,TATAMOTORS,241.0,247.4,240.0,245.95,13169322
2012-06-21,TATAMOTORS,244.95,249.8,242.65,248.2,11224327
2012-06-22,TATAMOTORS,244.85,251.2,242.3,247.1,12861789
2012-06-25,TATAMOTORS,248.4,251.9,245.0,246.2,11353072
2012-06-26,TATAMOTORS,245.5,248.8,244.1,246.7,4812673
2012-06-27,TATAMOTORS,248.0,249.15,238.25,239.2,9252334
2012-06-28,TATAMOTORS,238.8,242.0,232.75,240.35,14726077
2012-06-29,TATAMOTORS,243.0,246.25,240.5,242.45,13145042
2012-07-02,TATAMOTORS,239.75,242.45,237.55,237.95,9226173
2012-07-03,TATAMOTORS,240.35,241.4,235.1,237.55,9144318
2012-07-04,TATAMOTORS,238.15,241.25,235.55,236.2,10541013
2012-07-05,TATAMOTORS,236.2,240.65,234.55,240.0,11400793
2012-07-06,TATAMOTORS,241.0,243.7,237.4,240.65,12310003
2012-07-09,TATAMOTORS,238.2,243.3,238.2,240.85,10221053
2012-07-10,TATAMOTORS,242.45,248.4,241.85,246.5,12445794
2012-07-11,TATAMOTORS,244.3,246.3,239.8,241.45,8699929
2012-07-12,TATAMOTORS,240.5,240.8,235.8,236.8,9412858
2012-07-13,TATAMOTORS,236.0,238.5,234.25,235.95,8215071
2012-07-16,TATAMOTORS,237.5,238.3,228.6,229.25,8649159
2012-07-17,TATAMOTORS,231.9,232.35,225.25,225.9,11887659
2012-07-18,TATAMOTORS,223.75,223.9,218.4,221.6,11771162
2012-07-19,TATAMOTORS,224.5,226.5,223.8,224.8,6606574
2012-07-20,TATAMOTORS,224.0,225.45,222.05,223.4,3899157
2012-07-23,TATAMOTORS,220.9,221.0,215.0,216.05,5700081
2012-07-24,TATAMOTORS,216.5,217.8,213.35,215.85,7290178
2012-07-25,TATAMOTORS,213.7,215.2,211.1,213.0,6727477
2012-07-26,TATAMOTORS,212.1,213.3,203.05,205.1,14417520
2012-07-27,TATAMOTORS,210.5,215.4,209.2,212.85,11726479
2012-07-30,TATAMOTORS,216.4,222.8,215.35,221.7,8997520
2012-07-31,TATAMOTORS,222.0,227.0,217.15,226.25,11178071
2012-08-01,TATAMOTORS,224.55,229.7,223.2,227.35,10315320
2012-08-02,TATAMOTORS,226.1,227.0,221.6,222.7,5747058
2012-08-03,TATAMOTORS,221.0,222.0,216.15,220.95,7250108
2012-08-06,TATAMOTORS,226.5,229.95,226.1,229.05,7516128
2012-08-07,TATAMOTORS,231.35,239.5,231.1,238.8,12147306
2012-08-08,TATAMOTORS,240.15,245.8,239.7,241.5,14943761
2012-08-09,TATAMOTORS,242.4,246.0,231.65,239.3,29371996
2012-08-10,TATAMOTORS,236.3,236.9,230.75,231.95,11091669
2012-08-13,TATAMOTORS,231.1,231.5,223.7,228.25,9061261
2012-08-14,TATAMOTORS,227.5,235.9,227.5,235.0,8451585
2012-08-16,TATAMOTORS,235.05,239.75,232.2,235.45,11955624
2012-08-17,TATAMOTORS,236.7,243.3,236.55,240.2,12680436
2012-08-21,TATAMOTORS,241.1,247.25,241.1,246.2,9855866
2012-08-22,TATAMOTORS,244.65,249.9,244.0,248.1,8687004
2012-08-23,TATAMOTORS,247.5,248.3,243.6,245.3,10533505
2012-08-24,TATAMOTORS,243.0,248.45,241.4,246.05,8538695
2012-08-27,TATAMOTORS,245.9,246.7,240.2,241.05,6625932
2012-08-28,TATAMOTORS,239.4,240.4,235.15,237.3,7017548
2012-08-29,TATAMOTORS,237.0,237.0,232.1,233.4,6382909
2012-08-30,TATAMOTORS,231.15,239.2,229.8,236.75,8860039
2012-08-31,TATAMOTORS,236.6,238.2,230.65,234.3,6808837
2012-09-03,TATAMOTORS,236.2,239.4,228.65,230.9,8902553
2012-09-04,TATAMOTORS,230.8,235.5,230.15,234.85,5942530
2012-09-05,TATAMOTORS,232.4,235.2,227.6,228.7,6115939
2012-09-06,TATAMOTORS,226.8,234.8,225.05,233.05,9223860
2012-09-07,TATAMOTORS,239.5,244.15,238.55,243.3,13269040
2012-09-08,TATAMOTORS,245.25,246.45,244.6,245.7,840820
2012-09-10,TATAMOTORS,245.2,249.85,242.6,248.9,8861156
2012-09-11,TATAMOTORS,246.0,250.9,245.7,249.8,8792847
2012-09-12,TATAMOTORS,251.0,264.3,250.95,263.25,14770580
2012-09-13,TATAMOTORS,264.4,264.45,257.6,259.4,8408670
2012-09-14,TATAMOTORS,265.0,272.0,263.1,270.3,14806195
2012-09-17,TATAMOTORS,276.3,289.3,274.7,277.85,22186270
2012-09-18,TATAMOTORS,275.3,278.45,272.55,273.5,11855603
2012-09-20,TATAMOTORS,269.0,278.45,267.75,271.6,12521512
2012-09-21,TATAMOTORS,272.5,277.2,270.9,275.45,13992313
2012-09-24,TATAMOTORS,274.8,279.9,272.3,273.7,11283875
2012-09-25,TATAMOTORS,274.2,275.9,266.5,268.9,6868567
2012-09-26,TATAMOTORS,266.7,268.45,262.4,263.1,6678232
2012-09-27,TATAMOTORS,264.25,267.2,258.6,259.8,10475216
2012-09-28,TATAMOTORS,264.2,272.0,263.15,267.55,11540212
2012-10-01,TATAMOTORS,268.0,276.2,268.0,274.7,9420145
2012-10-03,TATAMOTORS,275.0,276.0,270.2,273.5,9136919
2012-10-04,TATAMOTORS,275.25,279.0,273.15,274.3,7581304
2012-10-05,TATAMOTORS,276.5,282.5,219.45,280.55,17095335
2012-10-08,TATAMOTORS,281.45,283.7,271.0,272.45,7590848
2012-10-09,TATAMOTORS,275.2,278.25,266.1,269.7,7864528
2012-10-10,TATAMOTORS,267.1,273.0,266.6,267.45,7367679
2012-10-11,TATAMOTORS,268.7,274.9,265.2,273.8,7852281
2012-10-12,TATAMOTORS,273.8,274.35,269.9,271.25,7520471
2012-10-15,TATAMOTORS,270.65,271.25,266.2,269.4,4752062
2012-10-16,TATAMOTORS,265.0,265.95,261.2,262.3,9523954
2012-10-17,TATAMOTORS,265.0,267.7,261.0,264.9,7572668
2012-10-18,TATAMOTORS,266.0,271.8,266.0,270.25,6627970
2012-10-19,TATAMOTORS,270.0,273.4,266.55,269.0,3928926
2012-10-22,TATAMOTORS,267.5,268.7,264.6,267.05,4470904
2012-10-23,TATAMOTORS,266.0,267.15,263.1,264.6,3120635
2012-10-25,TATAMOTORS,264.6,265.55,260.25,261.25,7531977
2012-10-26,TATAMOTORS,260.4,264.2,259.1,261.5,3586484
2012-10-29,TATAMOTORS,262.1,264.35,254.2,256.75,4690571
2012-10-30,TATAMOTORS,257.15,257.75,245.0,247.65,9560952
2012-10-31,TATAMOTORS,248.0,255.3,247.75,254.75,9122998
2012-11-01,TATAMOTORS,257.0,269.55,257.0,267.45,10469697
2012-11-02,TATAMOTORS,272.0,272.0,265.1,270.05,11070892
2012-11-05,TATAMOTORS,270.0,274.7,266.55,269.8,7809272
2012-11-06,TATAMOTORS,269.0,272.45,265.1,266.95,9567826
2012-11-07,TATAMOTORS,266.8,273.35,266.55,269.35,9676685
2012-11-08,TATAMOTORS,267.5,285.5,265.3,283.95,24412617
2012-11-09,TATAMOTORS,284.0,284.6,279.1,280.6,7187592
2012-11-12,TATAMOTORS,278.95,283.9,278.1,280.75,6932770
2012-11-13,TATAMOTORS,281.0,281.8,276.75,277.55,1145124
2012-11-15,TATAMOTORS,273.0,274.8,269.8,272.25,13068896
2012-11-16,TATAMOTORS,273.0,274.3,263.0,265.0,7322124
2012-11-19,TATAMOTORS,265.25,267.15,262.0,264.1,6616959
2012-11-20,TATAMOTORS,268.05,270.35,261.7,266.1,6864096
2012-11-21,TATAMOTORS,266.9,268.0,264.0,265.5,5284700
2012-11-22,TATAMOTORS,264.25,268.4,257.4,258.75,7511823
2012-11-23,TATAMOTORS,256.0,261.85,256.0,260.5,8493777
2012-11-26,TATAMOTORS,262.0,267.2,261.75,263.2,7629670
2012-11-27,TATAMOTORS,264.35,267.9,263.75,266.65,8474246
2012-11-29,TATAMOTORS,268.0,279.7,267.6,278.45,20010181
2012-11-30,TATAMOTORS,278.0,284.0,271.95,273.45,70995059
2012-12-03,TATAMOTORS,273.0,276.8,271.1,272.1,9636654
2012-12-04,TATAMOTORS,273.25,275.4,269.3,271.55,6715392
2012-12-05,TATAMOTORS,272.1,279.0,272.1,274.95,10577309
2012-12-06,TATAMOTORS,277.3,281.95,273.85,280.85,10561758
2012-12-07,TATAMOTORS,281.3,287.5,279.05,281.9,12808613
2012-12-10,TATAMOTORS,283.35,286.15,278.0,279.95,9514028
2012-12-11,TATAMOTORS,281.15,282.85,273.2,278.1,9015953
2012-12-12,TATAMOTORS,279.0,280.75,274.9,276.5,7634409
2012-12-13,TATAMOTORS,282.2,290.35,281.35,287.9,19468012
2012-12-14,TATAMOTORS,287.5,294.2,284.65,292.1,12250874
2012-12-17,TATAMOTORS,292.9,295.8,291.1,294.05,8295975
2012-12-18,TATAMOTORS,296.8,300.45,294.0,298.35,14461367
2012-12-19,TATAMOTORS,300.0,308.6,299.5,307.75,11633303
2012-12-20,TATAMOTORS,307.8,309.2,302.5,304.9,8080630
2012-12-21,TATAMOTORS,300.55,303.15,297.6,299.4,5434419
2012-12-24,TATAMOTORS,301.4,310.4,297.1,306.95,9826168
2012-12-26,TATAMOTORS,305.4,308.45,303.75,306.1,4828196
2012-12-27,TATAMOTORS,307.0,314.0,304.95,309.2,13097609
2012-12-28,TATAMOTORS,310.7,312.4,308.2,310.05,7580582
2012-12-31,TATAMOTORS,309.5,313.8,309.5,312.65,3537951
2013-01-01,TATAMOTORS,316.0,318.3,314.5,316.75,3938243
2013-01-02,TATAMOTORS,318.5,320.95,316.25,318.0,6855751
2013-01-03,TATAMOTORS,320.0,321.75,317.15,318.1,6099593
2013-01-04,TATAMOTORS,318.5,318.5,313.2,315.4,8870505
2013-01-07,TATAMOTORS,317.8,318.6,312.6,313.25,4890565
2013-01-08,TATAMOTORS,314.0,316.35,313.15,314.15,7226826
2013-01-09,TATAMOTORS,319.0,330.35,318.95,327.35,16501960
2013-01-10,TATAMOTORS,331.5,337.4,330.65,333.7,12617893
2013-01-11,TATAMOTORS,334.85,336.15,326.8,330.4,7289572
2013-01-14,TATAMOTORS,331.25,332.95,326.85,327.7,7133538
2013-01-15,TATAMOTORS,329.9,333.65,327.9,331.55,6718125
2013-01-16,TATAMOTORS,329.5,329.9,318.5,320.05,12610453
2013-01-17,TATAMOTORS,324.1,331.25,324.1,328.95,9952219
2013-01-18,TATAMOTORS,330.1,332.4,326.0,328.55,4962072
2013-01-21,TATAMOTORS,329.1,330.0,322.25,323.25,3868407
2013-01-22,TATAMOTORS,323.45,324.55,315.3,318.55,6037763
2013-01-23,TATAMOTORS,317.0,318.7,310.1,313.05,7207833
2013-01-24,TATAMOTORS,286.7,296.0,281.8,293.45,36503670
2013-01-25,TATAMOTORS,294.9,304.9,290.15,301.0,15381899
2013-01-28,TATAMOTORS,301.0,310.2,300.35,308.55,10597657
2013-01-29,TATAMOTORS,306.0,315.9,303.0,304.25,13291908
2013-01-30,TATAMOTORS,303.1,304.0,298.15,299.2,7935122
2013-01-31,TATAMOTORS,297.35,299.8,295.0,298.0,6996002
2013-02-01,TATAMOTORS,297.8,300.5,268.25,281.65,17075881
2013-02-04,TATAMOTORS,293.05,296.9,289.4,292.0,11067747
2013-02-05,TATAMOTORS,289.0,291.35,285.0,287.2,6213248
2013-02-06,TATAMOTORS,289.8,290.25,284.05,286.2,6834888
2013-02-07,TATAMOTORS,285.4,290.8,285.3,288.6,5701559
2013-02-08,TATAMOTORS,292.0,295.2,284.7,285.4,9896168
2013-02-11,TATAMOTORS,290.0,292.3,288.5,290.9,5157388
2013-02-12,TATAMOTORS,294.25,299.85,291.45,298.55,6616532
2013-02-13,TATAMOTORS,309.05,312.0,303.1,304.7,9814530
2013-02-14,TATAMOTORS,305.0,306.0,294.75,297.2,7467602
2013-02-15,TATAMOTORS,288.05,305.9,288.0,304.45,12481933
2013-02-18,TATAMOTORS,304.65,308.2,301.6,305.8,8292999
2013-02-19,TATAMOTORS,305.5,308.5,303.25,306.75,5386283
2013-02-20,TATAMOTORS,307.25,309.25,301.5,303.95,7027661
2013-02-21,TATAMOTORS,301.1,301.7,295.3,297.55,7613380
2013-02-22,TATAMOTORS,294.95,297.55,289.85,292.9,8266002
2013-02-25,TATAMOTORS,296.8,301.25,295.1,299.15,5915809
2013-02-26,TATAMOTORS,294.8,295.9,285.6,289.4,9081134
2013-02-27,TATAMOTORS,290.05,290.85,281.55,286.25,8740632
2013-02-28,TATAMOTORS,293.25,293.25,280.55,287.55,14454879
2013-03-01,TATAMOTORS,291.0,293.2,281.7,288.4,15648970
2013-03-04,TATAMOTORS,289.0,292.45,285.75,289.75,9671806
2013-03-05,TATAMOTORS,290.55,302.4,290.55,300.5,13164562
2013-03-06,TATAMOTORS,303.1,311.45,302.65,309.4,13992872
2013-03-07,TATAMOTORS,307.0,308.1,302.55,305.9,9840807
2013-03-08,TATAMOTORS,305.9,307.9,300.65,303.8,7450816
2013-03-11,TATAMOTORS,304.4,306.9,300.1,301.55,5754463
2013-03-12,TATAMOTORS,306.3,307.95,301.5,304.7,7907952
2013-03-13,TATAMOTORS,306.0,306.15,297.0,301.0,9309205
2013-03-14,TATAMOTORS,299.0,302.7,293.0,301.0,8440024
2013-03-15,TATAMOTORS,300.95,301.25,290.0,291.1,9480096
2013-03-18,TATAMOTORS,289.9,290.0,285.1,286.85,5900292
2013-03-19,TATAMOTORS,288.1,289.95,278.35,281.6,9485483
2013-03-20,TATAMOTORS,281.6,286.75,276.5,285.65,9562024
2013-03-21,TATAMOTORS,284.15,284.2,269.65,273.6,11742487
2013-03-22,TATAMOTORS,274.9,278.3,265.1,270.35,12820865
2013-03-25,TATAMOTORS,273.45,275.8,268.85,270.75,8333156
2013-03-26,TATAMOTORS,271.5,277.9,266.35,275.8,9374553
2013-03-28,TATAMOTORS,272.5,273.0,266.8,269.15,14523992
2013-04-01,TATAMOTORS,266.95,267.45,262.1,265.5,5416240
2013-04-02,TATAMOTORS,262.6,268.75,258.55,267.2,10458221
2013-04-03,TATAMOTORS,266.05,267.0,255.7,257.2,13014504
2013-04-04,TATAMOTORS,256.05,263.45,254.45,257.7,9369161
2013-04-05,TATAMOTORS,257.55,261.4,251.8,255.2,8703291
2013-04-08,TATAMOTORS,257.85,260.8,253.2,256.7,4739428
2013-04-09,TATAMOTORS,259.0,265.55,259.0,262.85,14601352
2013-04-10,TATAMOTORS,264.0,269.0,257.7,268.0,7331515
2013-04-11,TATAMOTORS,278.0,281.4,275.45,278.15,14081199
2013-04-12,TATAMOTORS,274.75,280.35,272.2,275.15,5380987
2013-04-15,TATAMOTORS,270.4,272.3,264.1,269.0,7759517
2013-04-16,TATAMOTORS,265.0,272.45,262.8,270.95,6514294
2013-04-17,TATAMOTORS,274.05,275.05,268.9,271.2,9704996
2013-04-18,TATAMOTORS,268.3,284.4,267.5,282.45,10750549
2013-04-22,TATAMOTORS,283.25,287.55,281.75,285.25,6519483
2013-04-23,TATAMOTORS,284.2,284.5,277.0,281.5,4307228
2013-04-25,TATAMOTORS,285.5,296.05,284.75,293.3,9750912
2013-04-26,TATAMOTORS,294.0,298.0,290.2,296.3,8055456
2013-04-29,TATAMOTORS,294.65,298.75,292.05,296.15,5048414
2013-04-30,TATAMOTORS,296.2,301.0,291.1,300.0,7962986
2013-05-02,TATAMOTORS,295.7,300.8,292.05,297.35,9184868
2013-05-03,TATAMOTORS,293.95,294.35,284.55,285.6,8403039
2013-05-06,TATAMOTORS,285.0,293.35,282.85,291.05,7815749
2013-05-07,TATAMOTORS,292.55,300.7,292.55,298.4,5479556
2013-05-08,TATAMOTORS,299.9,305.75,298.6,300.25,6459265
2013-05-09,TATAMOTORS,301.0,303.75,295.1,300.1,5577369
2013-05-10,TATAMOTORS,300.1,310.0,299.25,309.05,7393745
2013-05-11,TATAMOTORS,308.85,308.85,306.25,307.55,319689
2013-05-13,TATAMOTORS,305.65,309.8,295.9,297.45,3785524
2013-05-14,TATAMOTORS,297.8,303.85,295.4,300.3,6699345
2013-05-15,TATAMOTORS,302.45,311.95,302.1,308.85,8414912
2013-05-16,TATAMOTORS,307.0,309.45,302.3,303.65,5186185
2013-05-17,TATAMOTORS,301.25,308.4,300.8,303.35,6975884
2013-05-20,TATAMOTORS,305.6,316.2,300.0,302.05,9271269
2013-05-21,TATAMOTORS,301.5,303.1,292.0,292.95,7468655
2013-05-22,TATAMOTORS,296.1,298.15,289.0,291.15,5937143
2013-05-23,TATAMOTORS,287.3,293.6,285.25,291.05,7921154
2013-05-24,TATAMOTORS,292.5,296.15,282.85,288.1,9101109
2013-05-27,TATAMOTORS,286.6,295.9,285.15,294.5,5514680
2013-05-28,TATAMOTORS,294.0,298.6,290.6,295.8,7124280
2013-05-29,TATAMOTORS,299.0,305.35,295.55,303.8,10664646
2013-05-30,TATAMOTORS,315.0,319.1,310.8,317.05,14890021
2013-05-31,TATAMOTORS,316.25,319.5,312.1,313.3,6832753
2013-06-03,TATAMOTORS,309.75,315.8,307.4,314.05,7991736
2013-06-04,TATAMOTORS,310.0,317.8,302.95,306.1,7785500
2013-06-05,TATAMOTORS,304.55,310.0,303.7,307.3,5666915
2013-06-06,TATAMOTORS,304.0,309.7,304.0,306.7,5515881
2013-06-07,TATAMOTORS,305.5,309.9,298.0,301.9,5839679
2013-06-10,TATAMOTORS,301.55,303.8,292.4,296.05,6474598
2013-06-11,TATAMOTORS,296.4,297.55,288.75,293.15,9747868
2013-06-12,TATAMOTORS,291.0,296.5,290.0,293.55,6462768
2013-06-13,TATAMOTORS,290.4,290.4,280.1,282.95,7846830
2013-06-14,TATAMOTORS,289.0,298.4,287.4,296.8,7610723
2013-06-17,TATAMOTORS,296.8,300.6,288.55,299.45,7205573
2013-06-18,TATAMOTORS,298.0,299.5,293.0,297.6,8257875
2013-06-19,TATAMOTORS,295.0,295.75,290.75,292.1,4812234
2013-06-20,TATAMOTORS,287.1,292.25,283.35,288.75,13426910
2013-06-21,TATAMOTORS,285.0,289.25,282.15,287.05,8394864
2013-06-24,TATAMOTORS,285.0,287.65,280.5,283.9,9699151
2013-06-25,TATAMOTORS,283.25,284.75,272.1,281.45,12647291
2013-06-26,TATAMOTORS,281.0,282.75,269.15,272.65,10379194
2013-06-27,TATAMOTORS,274.55,277.45,263.1,270.3,21100726
2013-06-28,TATAMOTORS,275.2,282.0,275.2,281.3,8113830
2013-07-01,TATAMOTORS,278.0,291.05,277.0,289.8,7770037
2013-07-02,TATAMOTORS,287.0,288.25,282.0,286.45,6304038
2013-07-03,TATAMOTORS,282.15,289.35,277.75,284.2,10505656
2013-07-04,TATAMOTORS,286.0,293.75,282.25,292.3,7025766
2013-07-05,TATAMOTORS,296.0,298.3,293.1,296.2,6383463
2013-07-08,TATAMOTORS,288.9,289.5,282.3,287.8,7342292
2013-07-09,TATAMOTORS,288.5,290.45,284.65,289.1,7075394
2013-07-10,TATAMOTORS,287.7,288.5,280.8,284.05,9886352
2013-07-11,TATAMOTORS,287.7,291.6,282.75,284.9,5910118
2013-07-12,TATAMOTORS,285.2,294.3,285.1,292.5,8593420
2013-07-15,TATAMOTORS,290.8,291.8,286.05,288.45,5312833
2013-07-16,TATAMOTORS,284.0,292.35,281.7,291.55,6937607
2013-07-17,TATAMOTORS,290.65,291.05,282.3,285.25,5373439
2013-07-18,TATAMOTORS,284.6,288.1,280.75,286.9,5208359
2013-07-19,TATAMOTORS,287.0,297.6,287.0,294.65,6247962
2013-07-22,TATAMOTORS,294.0,300.8,293.3,297.85,5330210
2013-07-23,TATAMOTORS,298.2,301.5,294.25,298.8,7317801
2013-07-24,TATAMOTORS,298.0,300.95,294.7,297.3,4795606
2013-07-25,TATAMOTORS,298.0,303.25,294.7,299.9,8102895
2013-07-26,TATAMOTORS,301.0,301.65,287.3,289.95,4255393
2013-07-29,TATAMOTORS,288.0,297.0,288.0,295.75,4588678
2013-07-30,TATAMOTORS,295.95,297.65,282.3,284.9,6381746
2013-07-31,TATAMOTORS,282.5,292.5,278.0,290.5,6074890
2013-08-01,TATAMOTORS,291.5,293.7,284.2,288.95,4065282
2013-08-02,TATAMOTORS,287.8,291.9,282.25,290.45,5526691
2013-08-05,TATAMOTORS,290.25,302.0,279.2,284.75,6363971
2013-08-06,TATAMOTORS,284.45,288.9,280.4,287.55,7936760
2013-08-07,TATAMOTORS,284.1,286.75,271.8,278.9,19307409
2013-08-08,TATAMOTORS,285.5,293.3,275.3,278.8,16147469
2013-08-12,TATAMOTORS,282.0,285.4,278.25,281.3,6850785
2013-08-13,TATAMOTORS,280.9,294.0,276.05,290.85,12092244
2013-08-14,TATAMOTORS,298.25,324.4,298.2,319.1,22573141
2013-08-16,TATAMOTORS,317.5,323.4,311.35,313.95,15609517
2013-08-19,TATAMOTORS,307.2,308.75,297.4,301.7,9626161
2013-08-20,TATAMOTORS,297.0,298.4,285.6,287.95,11189887
2013-08-21,TATAMOTORS,290.8,294.6,278.55,283.35,6630724
2013-08-22,TATAMOTORS,284.0,294.9,284.0,291.95,10446451
2013-08-23,TATAMOTORS,295.0,304.6,294.1,300.95,10250648
2013-08-26,TATAMOTORS,301.5,304.3,293.5,298.1,5415542
2013-08-27,TATAMOTORS,295.0,295.5,287.75,290.05,6614370
2013-08-28,TATAMOTORS,290.05,299.5,286.3,297.95,10404816
2013-08-29,TATAMOTORS,299.5,309.0,295.3,306.0,10493664
2013-08-30,TATAMOTORS,308.05,308.7,293.5,299.25,6378520
2013-09-02,TATAMOTORS,296.0,302.0,292.05,299.7,6556397
2013-09-03,TATAMOTORS,302.0,311.35,295.65,297.35,8166216
2013-09-04,TATAMOTORS,302.4,313.75,300.25,311.7,7751371
2013-09-05,TATAMOTORS,316.05,324.35,314.65,318.1,8725114
2013-09-06,TATAMOTORS,318.3,320.0,312.2,317.8,5172580
2013-09-10,TATAMOTORS,320.1,353.35,320.1,349.6,19020755
2013-09-11,TATAMOTORS,348.5,350.55,336.2,340.45,9117663
2013-09-12,TATAMOTORS,341.9,342.0,329.5,333.45,6590825
2013-09-13,TATAMOTORS,332.0,338.3,330.1,334.05,5908250
2013-09-16,TATAMOTORS,339.0,340.8,324.85,331.35,5733708
2013-09-17,TATAMOTORS,329.0,337.65,328.25,335.05,4875668
2013-09-18,TATAMOTORS,341.0,341.0,332.95,336.85,6544480
2013-09-19,TATAMOTORS,344.8,351.55,341.4,349.15,9317393
2013-09-20,TATAMOTORS,344.9,354.85,332.4,338.35,11600943
2013-09-23,TATAMOTORS,337.65,341.35,331.1,333.85,3938571
2013-09-24,TATAMOTORS,334.5,342.25,334.15,337.1,8854718
2013-09-25,TATAMOTORS,339.1,347.45,339.1,344.1,9674826
2013-09-26,TATAMOTORS,342.3,347.3,341.0,343.55,4832518
2013-09-27,TATAMOTORS,343.0,346.2,338.35,340.1,3325470
2013-09-30,TATAMOTORS,338.1,339.5,330.0,332.5,3492037
2013-10-01,TATAMOTORS,332.9,339.8,330.3,335.65,5030614
2013-10-03,TATAMOTORS,335.7,348.35,334.1,345.95,8229114
2013-10-04,TATAMOTORS,345.0,364.8,344.4,350.05,12261119
2013-10-07,TATAMOTORS,350.0,352.8,343.5,347.9,5520739
2013-10-08,TATAMOTORS,352.2,359.4,349.8,350.55,7297904
2013-10-09,TATAMOTORS,350.8,356.35,350.0,354.2,8808415
2013-10-10,TATAMOTORS,354.0,373.85,352.1,371.65,12367384
2013-10-11,TATAMOTORS,375.0,389.6,368.55,385.3,18024178
2013-10-14,TATAMOTORS,386.1,393.3,385.7,390.45,7173403
2013-10-15,TATAMOTORS,390.85,393.0,382.3,388.85,8293578
2013-10-17,TATAMOTORS,385.45,385.45,370.6,373.4,9937912
2013-10-18,TATAMOTORS,376.55,381.8,374.5,379.65,6931755
2013-10-21,TATAMOTORS,380.0,391.5,378.65,380.05,6909188
2013-10-22,TATAMOTORS,380.4,385.1,376.1,380.0,5165286
2013-10-23,TATAMOTORS,381.15,382.35,368.1,374.65,6365332
2013-10-24,TATAMOTORS,377.1,384.7,374.4,379.3,7336447
2013-10-25,TATAMOTORS,378.1,379.4,372.6,376.25,2965203
2013-10-28,TATAMOTORS,377.15,381.8,374.1,377.6,3421077
2013-10-29,TATAMOTORS,377.7,384.2,375.0,381.65,5667639
2013-10-30,TATAMOTORS,383.0,384.15,377.2,379.6,5324966
2013-10-31,TATAMOTORS,380.0,386.4,379.2,381.15,9109644
2013-11-01,TATAMOTORS,384.0,389.0,383.2,384.6,4489619
2013-11-03,TATAMOTORS,386.0,392.6,386.0,391.0,1801390
2013-11-05,TATAMOTORS,387.0,400.95,387.0,395.3,9064304
2013-11-06,TATAMOTORS,397.3,400.8,390.0,391.05,6519204
2013-11-07,TATAMOTORS,390.9,394.9,377.35,380.15,5685498
2013-11-08,TATAMOTORS,378.8,391.0,371.25,384.15,12659764
2013-11-11,TATAMOTORS,380.0,386.0,374.5,377.1,10752349
2013-11-12,TATAMOTORS,377.8,379.35,358.1,360.0,8282471
2013-11-13,TATAMOTORS,362.0,369.45,362.0,366.2,7488788
2013-11-14,TATAMOTORS,372.1,388.25,372.1,387.05,12280945
2013-11-18,TATAMOTORS,388.0,394.0,382.05,392.25,11542633
2013-11-19,TATAMOTORS,395.0,395.75,387.1,391.35,4658384
2013-11-20,TATAMOTORS,388.8,392.4,384.4,386.0,4884635
2013-11-21,TATAMOTORS,383.4,386.5,381.35,383.15,3632318
2013-11-22,TATAMOTORS,384.75,384.75,372.0,374.15,6189228
2013-11-25,TATAMOTORS,377.2,387.1,377.2,386.15,3812176
2013-11-26,TATAMOTORS,387.65,391.4,379.05,390.25,5183756
2013-11-27,TATAMOTORS,393.5,399.9,392.6,399.2,6706436
2013-11-28,TATAMOTORS,403.1,405.05,394.6,397.9,9112041
2013-11-29,TATAMOTORS,399.0,401.85,395.3,398.7,4816843
2013-12-02,TATAMOTORS,398.0,403.85,396.1,399.9,7630627
2013-12-03,TATAMOTORS,401.0,403.7,395.2,399.05,7562749
2013-12-04,TATAMOTORS,397.3,400.8,390.6,392.65,4921167
2013-12-05,TATAMOTORS,400.5,401.0,388.2,390.3,5020247
2013-12-06,TATAMOTORS,387.0,394.6,385.95,390.9,4654055
2013-12-09,TATAMOTORS,402.5,402.6,389.5,393.45,7847724
2013-12-10,TATAMOTORS,394.8,396.4,389.35,390.7,7596464
2013-12-11,TATAMOTORS,385.2,386.75,376.1,377.8,8323690
2013-12-12,TATAMOTORS,374.1,374.1,359.0,360.45,15423529
2013-12-13,TATAMOTORS,364.1,371.9,363.4,370.35,8602143
2013-12-16,TATAMOTORS,368.0,371.1,365.85,368.05,4753789
2013-12-17,TATAMOTORS,371.7,374.95,364.65,366.85,6974111
2013-12-18,TATAMOTORS,367.0,370.85,362.5,368.5,8733357
2013-12-19,TATAMOTORS,372.0,373.0,364.05,369.55,7418057
2013-12-20,TATAMOTORS,367.3,376.5,367.3,373.7,5307016
2013-12-23,TATAMOTORS,373.8,378.45,373.1,375.65,3229332
2013-12-24,TATAMOTORS,375.7,376.0,371.5,372.65,2273403
2013-12-26,TATAMOTORS,373.0,376.55,368.0,370.25,5538409
2013-12-27,TATAMOTORS,371.1,374.4,368.9,371.9,3302268
2013-12-30,TATAMOTORS,374.15,378.1,372.35,374.8,3693195
2013-12-31,TATAMOTORS,374.1,378.1,374.1,376.4,4341614
2014-01-01,TATAMOTORS,377.55,378.8,374.05,374.95,1350265
2014-01-02,TATAMOTORS,374.95,376.2,369.2,372.35,2983093
2014-01-03,TATAMOTORS,368.0,368.0,360.0,362.7,4950946
2014-01-06,TATAMOTORS,367.5,370.5,364.2,366.95,5431816
2014-01-07,TATAMOTORS,367.0,370.0,363.75,365.1,3978229
2014-01-08,TATAMOTORS,365.1,371.6,364.55,370.25,5397831
2014-01-09,TATAMOTORS,372.2,372.4,365.0,367.95,3565546
2014-01-10,TATAMOTORS,370.0,370.6,365.5,367.0,3067850
2014-01-13,TATAMOTORS,372.65,379.45,371.75,376.15,6635467
2014-01-14,TATAMOTORS,375.1,375.5,368.1,371.8,3237644
2014-01-15,TATAMOTORS,374.0,378.15,372.7,377.3,4795274
2014-01-16,TATAMOTORS,379.0,379.0,366.8,369.75,7705700
2014-01-17,TATAMOTORS,367.5,373.9,367.05,369.7,4947903
2014-01-20,TATAMOTORS,371.05,376.75,370.5,374.9,3212466
2014-01-21,TATAMOTORS,375.0,387.8,372.2,384.8,5720137
2014-01-22,TATAMOTORS,381.45,387.5,380.05,386.1,5594747
2014-01-23,TATAMOTORS,385.25,389.0,380.7,383.6,3750003
2014-01-24,TATAMOTORS,379.0,382.05,368.8,370.4,3581923
2014-01-27,TATAMOTORS,363.0,363.0,345.55,348.25,9140386
2014-01-28,TATAMOTORS,345.5,359.4,345.5,356.25,6542003
2014-01-29,TATAMOTORS,360.1,362.55,350.55,351.75,3252615
2014-01-30,TATAMOTORS,349.3,367.5,349.0,361.75,9019795
2014-01-31,TATAMOTORS,358.4,358.4,347.0,349.55,6859611
2014-02-03,TATAMOTORS,347.0,349.75,335.6,336.4,5577370
2014-02-04,TATAMOTORS,332.1,346.7,332.1,345.85,11339969
2014-02-05,TATAMOTORS,343.0,358.5,339.55,355.1,9337843
2014-02-06,TATAMOTORS,353.05,360.25,349.0,357.65,7999919
2014-02-07,TATAMOTORS,360.0,363.0,356.1,360.2,5432815
2014-02-10,TATAMOTORS,365.0,367.4,358.0,364.05,6509957
2014-02-11,TATAMOTORS,381.05,382.7,370.65,374.5,15661815
2014-02-12,TATAMOTORS,376.0,383.0,375.15,376.65,7720562
2014-02-13,TATAMOTORS,380.0,383.45,374.7,375.95,6753321
2014-02-14,TATAMOTORS,380.2,390.0,380.2,388.8,6688954
2014-02-17,TATAMOTORS,392.05,395.45,384.25,386.6,8551120
2014-02-18,TATAMOTORS,387.95,394.25,385.3,391.4,6011915
2014-02-19,TATAMOTORS,392.0,393.0,387.9,391.5,3904872
2014-02-20,TATAMOTORS,391.5,395.0,389.4,391.85,6663891
2014-02-21,TATAMOTORS,395.0,397.8,392.85,396.2,6329199
2014-02-24,TATAMOTORS,397.05,400.85,394.2,396.55,5194044
2014-02-25,TATAMOTORS,399.0,399.7,393.55,398.5,3031959
2014-02-26,TATAMOTORS,397.1,402.55,396.05,401.2,7239939
2014-02-28,TATAMOTORS,410.0,418.2,404.35,416.95,12543449
2014-03-03,TATAMOTORS,415.0,415.0,408.25,410.7,6613105
2014-03-04,TATAMOTORS,411.25,420.7,405.8,412.9,5556293
2014-03-05,TATAMOTORS,415.0,416.2,407.15,409.6,4002207
2014-03-06,TATAMOTORS,411.5,412.3,404.4,408.45,5657373
2014-03-07,TATAMOTORS,408.5,415.85,405.5,409.1,5997347
2014-03-10,TATAMOTORS,404.4,406.65,393.45,396.0,5777982
2014-03-11,TATAMOTORS,393.0,404.5,393.0,397.95,6048848
2014-03-12,TATAMOTORS,397.1,398.0,388.0,388.85,4478567
2014-03-13,TATAMOTORS,393.45,396.65,384.85,388.0,3857870
2014-03-14,TATAMOTORS,383.0,394.7,383.0,393.25,3208372
2014-03-18,TATAMOTORS,394.0,397.35,380.5,381.25,6811167
2014-03-19,TATAMOTORS,385.9,387.65,379.55,384.35,6265086
2014-03-20,TATAMOTORS,382.0,385.0,378.75,379.7,4092825
2014-03-21,TATAMOTORS,382.15,390.0,381.9,389.15,5685397
2014-03-22,TATAMOTORS,388.6,390.0,386.55,389.0,300814
2014-03-24,TATAMOTORS,391.0,394.45,389.25,391.5,3159565
2014-03-25,TATAMOTORS,392.0,393.5,386.65,390.85,3891051
2014-03-26,TATAMOTORS,394.6,403.0,394.6,401.65,7347685
2014-03-27,TATAMOTORS,403.0,404.95,393.75,396.7,9166505
2014-03-28,TATAMOTORS,400.8,403.35,395.4,397.3,3365107
2014-03-31,TATAMOTORS,401.0,404.15,396.65,398.65,4118759
2014-04-01,TATAMOTORS,405.15,406.5,399.5,403.15,3946055
2014-04-02,TATAMOTORS,406.8,415.0,405.0,414.1,6294255
2014-04-03,TATAMOTORS,415.9,418.0,407.1,411.35,5301516
2014-04-04,TATAMOTORS,414.4,414.4,404.45,405.5,2900822
2014-04-07,TATAMOTORS,405.05,410.0,400.85,404.0,3792597
2014-04-09,TATAMOTORS,408.0,422.8,407.5,420.9,6886132
2014-04-10,TATAMOTORS,423.0,435.0,423.0,430.8,6320344
2014-04-11,TATAMOTORS,428.9,437.8,422.2,423.6,6082343
2014-04-15,TATAMOTORS,425.6,429.45,409.05,411.95,6865538
2014-04-16,TATAMOTORS,409.5,418.95,409.35,411.15,3782508
2014-04-17,TATAMOTORS,415.35,430.6,415.3,429.1,4577368
2014-04-21,TATAMOTORS,424.9,434.55,424.15,432.1,2818637
2014-04-22,TATAMOTORS,430.9,434.7,426.6,428.8,2488045
2014-04-23,TATAMOTORS,430.3,433.7,422.3,425.05,5383562
2014-04-25,TATAMOTORS,425.05,430.75,422.6,423.25,4118462
2014-04-28,TATAMOTORS,423.1,423.1,415.0,416.45,3517997
2014-04-29,TATAMOTORS,416.05,418.8,407.6,408.95,2379745
2014-04-30,TATAMOTORS,413.7,418.0,404.2,414.75,5583892
2014-05-02,TATAMOTORS,418.0,420.3,411.2,414.75,2816896
2014-05-05,TATAMOTORS,408.55,415.9,408.55,414.45,2450473
2014-05-06,TATAMOTORS,414.9,422.0,414.5,419.15,2735911
2014-05-07,TATAMOTORS,419.0,421.7,415.5,416.7,3380285
2014-05-08,TATAMOTORS,419.9,424.2,417.55,423.05,3040775
2014-05-09,TATAMOTORS,423.95,429.1,419.25,427.5,5002332
2014-05-12,TATAMOTORS,427.4,446.5,426.5,445.2,6310558
2014-05-13,TATAMOTORS,447.25,455.75,438.8,440.95,5470693
2014-05-14,TATAMOTORS,440.0,446.1,434.05,442.35,2878176
2014-05-15,TATAMOTORS,445.0,448.65,437.15,439.65,4353266
2014-05-16,TATAMOTORS,444.1,465.0,443.5,449.85,9394433
2014-05-19,TATAMOTORS,456.0,457.8,442.8,444.4,5822795
2014-05-20,TATAMOTORS,446.05,451.85,436.6,439.85,6228431
2014-05-21,TATAMOTORS,442.3,444.95,434.1,436.95,5246604
2014-05-22,TATAMOTORS,437.5,441.15,428.25,430.8,7587124
2014-05-23,TATAMOTORS,427.35,439.9,425.0,431.3,7325923
2014-05-26,TATAMOTORS,438.0,453.75,438.0,444.05,9114207
2014-05-27,TATAMOTORS,447.35,451.35,433.5,436.6,5495046
2014-05-28,TATAMOTORS,433.0,435.8,423.5,428.75,8431663
2014-05-29,TATAMOTORS,424.45,432.35,421.35,424.3,7090240
2014-05-30,TATAMOTORS,411.5,422.2,407.05,415.05,11027927
2014-06-02,TATAMOTORS,415.0,422.7,410.55,420.75,5453105
2014-06-03,TATAMOTORS,417.35,424.0,416.25,420.9,8815039
2014-06-04,TATAMOTORS,425.0,429.5,421.0,422.05,6432255
2014-06-05,TATAMOTORS,420.0,436.05,417.15,435.0,8990112
2014-06-06,TATAMOTORS,437.0,440.5,428.5,439.1,8064951
2014-06-09,TATAMOTORS,439.5,453.4,439.5,448.6,6990208
2014-06-10,TATAMOTORS,450.3,455.4,442.45,453.4,6351229
2014-06-11,TATAMOTORS,452.0,453.5,437.75,445.75,5822019
2014-06-12,TATAMOTORS,445.0,451.45,441.75,449.55,4224821
2014-06-13,TATAMOTORS,449.95,450.25,435.0,438.25,5398821
2014-06-16,TATAMOTORS,436.5,438.25,429.05,430.85,4751076
2014-06-17,TATAMOTORS,434.1,443.2,427.15,440.9,4834977
2014-06-18,TATAMOTORS,444.5,445.0,430.55,433.15,3014079
2014-06-19,TATAMOTORS,438.0,443.8,435.0,438.6,6664761
2014-06-20,TATAMOTORS,441.2,442.05,432.95,438.05,4730789
2014-06-23,TATAMOTORS,436.4,442.5,431.2,435.6,3759439
2014-06-24,TATAMOTORS,434.1,445.6,434.1,442.15,3977357
2014-06-25,TATAMOTORS,441.05,448.6,439.2,443.25,4431204
2014-06-26,TATAMOTORS,443.0,448.85,436.2,438.0,4030884
2014-06-27,TATAMOTORS,437.1,440.85,430.1,432.35,2593373
2014-06-30,TATAMOTORS,434.0,436.2,429.05,431.3,3209913
2014-07-01,TATAMOTORS,432.8,452.9,432.8,450.8,6363294
2014-07-02,TATAMOTORS,451.4,458.6,445.1,455.8,5764628
2014-07-03,TATAMOTORS,455.8,472.8,455.0,469.75,10030921
2014-07-04,TATAMOTORS,470.0,474.25,466.5,469.45,6984574
2014-07-07,TATAMOTORS,474.0,479.95,472.1,478.85,5245180
2014-07-08,TATAMOTORS,479.5,484.7,465.35,470.0,6686015
2014-07-09,TATAMOTORS,469.8,469.9,453.0,457.25,3885806
2014-07-10,TATAMOTORS,460.2,474.75,449.75,453.15,5303111
2014-07-11,TATAMOTORS,455.25,461.45,443.8,445.95,2709162
2014-07-14,TATAMOTORS,445.0,458.85,442.6,456.0,3573195
2014-07-15,TATAMOTORS,458.25,464.9,456.7,462.9,3571017
2014-07-16,TATAMOTORS,466.2,471.6,462.1,470.3,3554224
2014-07-17,TATAMOTORS,467.0,477.35,465.15,475.3,5060355
2014-07-18,TATAMOTORS,471.8,477.5,466.35,475.3,4104064
2014-07-21,TATAMOTORS,476.25,478.45,470.0,474.95,2125042
2014-07-22,TATAMOTORS,474.95,488.2,472.25,486.7,4200537
2014-07-23,TATAMOTORS,485.5,487.9,476.75,484.85,4694832
2014-07-24,TATAMOTORS,483.2,487.2,477.1,485.25,3303449
2014-07-25,TATAMOTORS,486.0,486.0,456.4,461.1,6276194
2014-07-28,TATAMOTORS,456.5,470.05,451.3,453.85,8303008
2014-07-30,TATAMOTORS,455.0,455.45,442.0,451.35,13451030
2014-07-31,TATAMOTORS,453.0,454.7,445.05,446.75,9372425
2014-08-01,TATAMOTORS,444.8,455.75,438.0,440.0,8788380
2014-08-04,TATAMOTORS,442.3,448.4,441.15,446.6,7438170
2014-08-05,TATAMOTORS,449.7,457.9,444.2,456.8,3987890
2014-08-06,TATAMOTORS,455.0,455.0,445.2,447.55,4807563
2014-08-07,TATAMOTORS,447.6,450.35,440.2,442.0,4819648
2014-08-08,TATAMOTORS,437.5,437.85,430.4,432.9,6422294
2014-08-11,TATAMOTORS,439.6,448.45,437.0,446.55,8643044
2014-08-12,TATAMOTORS,481.0,482.0,468.4,474.0,14729593
2014-08-13,TATAMOTORS,477.05,479.85,466.1,473.5,6232455
2014-08-14,TATAMOTORS,474.35,485.85,473.65,484.6,6349274
2014-08-18,TATAMOTORS,489.05,505.65,488.9,503.8,8564539
2014-08-19,TATAMOTORS,507.5,520.7,505.55,518.85,9859931
2014-08-20,TATAMOTORS,519.0,522.0,510.9,512.25,5409421
2014-08-21,TATAMOTORS,516.0,518.15,506.15,512.75,5405948
2014-08-22,TATAMOTORS,515.25,520.65,510.6,511.55,4357503
2014-08-25,TATAMOTORS,517.0,518.0,505.35,508.4,3963009
2014-08-26,TATAMOTORS,498.5,515.2,496.35,512.65,4674270
2014-08-27,TATAMOTORS,518.9,524.0,516.2,521.7,3863988
2014-08-28,TATAMOTORS,523.7,531.65,522.65,525.05,5538124
2014-09-01,TATAMOTORS,526.0,529.5,516.75,520.0,6254629
2014-09-02,TATAMOTORS,520.0,520.75,512.05,516.25,4650966
2014-09-03,TATAMOTORS,526.1,530.5,521.3,522.6,7316875
2014-09-04,TATAMOTORS,522.7,522.7,509.25,513.0,7803460
2014-09-05,TATAMOTORS,513.0,516.6,503.15,506.0,9954962
2014-09-08,TATAMOTORS,508.0,512.0,502.9,510.1,9167389
2014-09-09,TATAMOTORS,511.1,518.4,507.6,517.15,9037982
2014-09-10,TATAMOTORS,513.8,520.95,512.4,516.55,7237841
2014-09-11,TATAMOTORS,518.0,518.3,511.0,514.35,3952038
2014-09-12,TATAMOTORS,515.0,519.35,513.4,517.2,4596246
2014-09-15,TATAMOTORS,512.0,515.4,510.15,512.4,2970679
2014-09-16,TATAMOTORS,510.0,510.75,494.65,499.75,5734024
2014-09-17,TATAMOTORS,502.0,509.5,491.4,506.95,4947732
2014-09-18,TATAMOTORS,505.7,526.8,500.7,525.4,7051279
2014-09-19,TATAMOTORS,525.2,529.0,516.55,518.9,5132096
2014-09-22,TATAMOTORS,515.0,542.5,514.0,540.05,7888770
2014-09-23,TATAMOTORS,541.7,542.6,516.1,517.8,7448994
2014-09-24,TATAMOTORS,516.0,517.75,506.55,513.4,3846158
2014-09-25,TATAMOTORS,512.7,514.75,500.0,504.35,6322423
2014-09-26,TATAMOTORS,502.1,513.05,492.35,511.1,7175476
2014-09-29,TATAMOTORS,510.1,515.6,507.65,510.75,5106197
2014-09-30,TATAMOTORS,514.7,514.7,500.3,502.15,5517683
2014-10-01,TATAMOTORS,501.2,507.4,499.25,502.75,3687493
2014-10-07,TATAMOTORS,502.75,516.8,502.75,504.95,5404357
2014-10-08,TATAMOTORS,507.0,512.7,502.0,509.0,3921022
2014-10-09,TATAMOTORS,514.95,522.5,513.3,520.6,3718984
2014-10-10,TATAMOTORS,514.5,514.5,489.35,492.7,7455947
2014-10-13,TATAMOTORS,490.0,498.2,480.05,496.25,5138424
2014-10-14,TATAMOTORS,498.9,500.2,486.1,488.0,3845609
2014-10-16,TATAMOTORS,485.45,501.1,481.7,483.8,6573240
2014-10-17,TATAMOTORS,483.75,483.75,468.0,475.8,9493560
2014-10-20,TATAMOTORS,487.9,497.0,484.6,494.65,5777633
2014-10-21,TATAMOTORS,499.05,504.15,493.75,501.45,3930435
2014-10-22,TATAMOTORS,508.65,520.5,508.65,519.15,5780947
2014-10-23,TATAMOTORS,519.0,519.0,514.6,515.65,542351
2014-10-27,TATAMOTORS,517.0,518.0,502.25,503.7,3143561
2014-10-28,TATAMOTORS,505.7,511.3,503.05,508.65,2396689
2014-10-29,TATAMOTORS,515.5,527.45,515.5,526.2,4369226
2014-10-30,TATAMOTORS,522.35,531.35,520.1,526.95,6176152
2014-10-31,TATAMOTORS,526.35,538.5,520.95,535.85,3914563
2014-11-03,TATAMOTORS,530.6,535.9,526.25,531.4,2764829
2014-11-05,TATAMOTORS,529.0,539.8,521.25,536.0,6515021
2014-11-07,TATAMOTORS,537.1,543.95,532.2,533.35,2454112
2014-11-10,TATAMOTORS,530.75,534.45,518.75,522.3,3353906
2014-11-11,TATAMOTORS,525.0,527.5,517.1,521.7,2523943
2014-11-12,TATAMOTORS,523.4,536.9,521.9,531.85,3579289
2014-11-13,TATAMOTORS,533.0,536.0,523.45,526.75,2769737
2014-11-14,TATAMOTORS,529.85,536.8,519.65,523.9,4667710
2014-11-17,TATAMOTORS,520.0,547.55,520.0,545.25,7083220
2014-11-18,TATAMOTORS,548.65,550.7,540.5,541.6,4499757
2014-11-19,TATAMOTORS,544.05,544.95,522.5,529.5,4628849
2014-11-20,TATAMOTORS,533.0,533.85,520.3,524.75,3788322
2014-11-21,TATAMOTORS,528.55,539.4,527.2,531.0,3976809
2014-11-24,TATAMOTORS,531.0,538.65,525.0,526.4,3753092
2014-11-25,TATAMOTORS,528.55,529.05,513.0,521.85,4313395
2014-11-26,TATAMOTORS,521.7,524.8,515.0,519.95,4589398
2014-11-27,TATAMOTORS,515.0,522.85,511.5,519.95,5641394
2014-11-28,TATAMOTORS,524.4,539.0,521.5,533.5,8174796
2014-12-01,TATAMOTORS,539.85,539.85,530.1,536.0,5093458
2014-12-02,TATAMOTORS,535.7,535.8,528.1,528.95,3555543
2014-12-03,TATAMOTORS,535.2,538.8,526.3,529.0,3997174
2014-12-04,TATAMOTORS,534.0,537.25,522.0,527.75,3600835
2014-12-05,TATAMOTORS,524.45,530.75,522.45,525.35,2443317
2014-12-08,TATAMOTORS,525.1,530.5,513.7,515.7,3102060
2014-12-09,TATAMOTORS,517.25,520.85,501.35,503.25,5503173
2014-12-10,TATAMOTORS,496.0,514.9,493.2,511.0,5561474
2014-12-11,TATAMOTORS,506.8,512.8,498.0,503.9,4026431
2014-12-12,TATAMOTORS,498.9,507.75,496.0,499.95,3859003
2014-12-15,TATAMOTORS,494.9,501.8,492.35,493.95,3855125
2014-12-16,TATAMOTORS,490.0,491.7,478.5,481.65,4762142
2014-12-17,TATAMOTORS,478.6,486.4,468.65,475.8,6172599
2014-12-18,TATAMOTORS,481.05,490.0,480.85,484.9,4370887
2014-12-19,TATAMOTORS,490.3,497.8,484.15,485.9,4616429
2014-12-22,TATAMOTORS,486.1,497.3,481.35,494.7,3191672
2014-12-23,TATAMOTORS,496.8,501.45,485.6,488.15,4121567
2014-12-24,TATAMOTORS,490.15,492.75,481.55,483.95,6440960
2014-12-26,TATAMOTORS,483.0,487.55,478.95,485.15,2314336
2014-12-29,TATAMOTORS,485.15,498.0,485.15,495.05,2788674
2014-12-30,TATAMOTORS,499.0,499.5,490.25,493.75,1683677
2014-12-31,TATAMOTORS,494.5,498.7,491.05,495.55,3183466
2015-01-01,TATAMOTORS,494.5,499.45,492.25,498.45,934528
2015-01-02,TATAMOTORS,497.25,517.4,497.25,511.8,4148596
2015-01-05,TATAMOTORS,510.1,526.0,506.7,523.8,6686952
2015-01-06,TATAMOTORS,514.35,514.35,499.25,501.4,7894918
2015-01-07,TATAMOTORS,495.0,500.4,489.2,493.85,9134678
2015-01-08,TATAMOTORS,504.0,514.8,501.0,512.0,5476843
2015-01-09,TATAMOTORS,521.25,524.95,515.5,522.3,4010545
2015-01-12,TATAMOTORS,518.5,524.7,511.25,522.3,2533395
2015-01-13,TATAMOTORS,520.35,525.7,515.25,519.45,4282874
2015-01-14,TATAMOTORS,521.5,526.65,513.95,520.35,6006186
2015-01-15,TATAMOTORS,528.3,536.0,523.75,532.95,6829305
2015-01-16,TATAMOTORS,531.1,535.8,522.4,525.75,4205034
2015-01-19,TATAMOTORS,526.5,539.6,523.15,538.5,4568341
2015-01-20,TATAMOTORS,538.75,561.0,534.75,559.2,6075180
2015-01-21,TATAMOTORS,556.85,558.45,546.0,551.5,6452158
2015-01-22,TATAMOTORS,550.65,568.7,548.55,566.5,5946787
2015-01-23,TATAMOTORS,575.0,591.15,574.0,588.45,7682336
2015-01-27,TATAMOTORS,596.05,607.7,596.05,604.55,7136967
2015-01-28,TATAMOTORS,599.0,599.2,587.0,589.2,8209728
2015-01-29,TATAMOTORS,586.0,600.7,580.6,598.6,5812166
2015-01-30,TATAMOTORS,601.4,604.7,581.1,585.15,4136616
2015-02-02,TATAMOTORS,587.8,595.9,580.85,592.5,4316925
2015-02-03,TATAMOTORS,597.65,612.4,596.2,603.3,6035606
2015-02-04,TATAMOTORS,606.65,606.65,588.2,591.4,3362648
2015-02-05,TATAMOTORS,591.0,602.9,582.0,589.2,6774777
2015-02-06,TATAMOTORS,567.05,572.0,552.2,559.6,12091509
2015-02-09,TATAMOTORS,550.0,554.45,541.3,542.65,4579430
2015-02-10,TATAMOTORS,544.0,568.0,543.35,564.1,5557625
2015-02-11,TATAMOTORS,567.0,571.4,553.35,558.9,4588336
2015-02-12,TATAMOTORS,562.2,566.0,552.5,561.8,5430678
2015-02-13,TATAMOTORS,562.7,567.2,555.0,565.55,3469320
2015-02-16,TATAMOTORS,569.0,580.45,565.5,574.15,5732125
2015-02-18,TATAMOTORS,572.7,587.0,560.65,584.3,5784461
2015-02-19,TATAMOTORS,586.0,592.55,572.1,576.55,4271131
2015-02-20,TATAMOTORS,579.5,585.0,572.25,579.9,3865784
2015-02-23,TATAMOTORS,582.0,584.45,572.05,574.2,3008142
2015-02-24,TATAMOTORS,577.0,578.0,559.95,564.4,4304190
2015-02-25,TATAMOTORS,566.7,576.0,564.0,568.2,3050026
2015-02-26,TATAMOTORS,570.1,572.05,557.35,560.65,3533029
2015-02-27,TATAMOTORS,567.05,581.0,563.5,575.15,4310800
2015-02-28,TATAMOTORS,576.85,598.95,563.8,593.35,4108469
2015-03-02,TATAMOTORS,597.4,601.0,573.1,585.0,4899347
2015-03-03,TATAMOTORS,582.5,582.5,572.0,574.1,3555077
2015-03-04,TATAMOTORS,581.5,592.1,570.1,574.1,6176534
2015-03-05,TATAMOTORS,576.0,577.8,567.7,570.7,3318912
2015-03-09,TATAMOTORS,571.0,573.6,562.0,565.1,3528212
2015-03-10,TATAMOTORS,567.9,572.7,558.7,560.2,3875591
2015-03-11,TATAMOTORS,561.0,565.2,548.2,550.9,3151043
2015-03-12,TATAMOTORS,554.9,566.95,554.3,563.9,3394342
2015-03-13,TATAMOTORS,565.65,565.7,555.1,558.35,5325356
2015-03-16,TATAMOTORS,559.05,565.7,554.25,556.9,2757396
2015-03-17,TATAMOTORS,564.0,579.0,562.4,571.55,5338621
2015-03-18,TATAMOTORS,570.35,571.0,556.5,560.2,4521120
2015-03-19,TATAMOTORS,565.0,568.95,551.25,553.8,3260146
2015-03-20,TATAMOTORS,548.95,550.65,541.0,547.6,5065418
2015-03-23,TATAMOTORS,548.05,557.8,548.05,551.45,3120391
2015-03-24,TATAMOTORS,551.8,552.5,528.4,532.25,4471090
2015-03-25,TATAMOTORS,535.5,545.6,533.5,541.85,8533721
2015-03-26,TATAMOTORS,530.9,539.0,520.8,524.25,6475129
2015-03-27,TATAMOTORS,525.65,536.8,518.15,535.35,4671141
2015-03-30,TATAMOTORS,536.85,541.05,531.35,540.0,3969941
2015-03-31,TATAMOTORS,540.15,559.8,537.6,550.2,5352135
2015-04-01,TATAMOTORS,549.1,566.4,548.0,564.9,4177702
2015-04-06,TATAMOTORS,563.9,573.5,555.35,568.15,5728358
2015-04-07,TATAMOTORS,569.05,570.7,554.05,560.35,3201751
2015-04-08,TATAMOTORS,565.0,569.6,559.2,561.5,3774897
2015-04-09,TATAMOTORS,562.8,564.85,552.25,559.9,3043135
2015-04-10,TATAMOTORS,558.8,569.4,555.55,562.65,2808049
2015-04-13,TATAMOTORS,563.0,563.9,552.45,556.25,2889208
2015-04-15,TATAMOTORS,551.25,551.25,538.25,540.45,4118983
2015-04-16,TATAMOTORS,543.75,551.25,534.2,541.25,4027716
2015-04-17,TATAMOTORS,541.5,544.8,534.15,535.35,2728290
2015-04-20,TATAMOTORS,543.15,543.15,521.05,533.2,5011252
2015-04-21,TATAMOTORS,531.45,538.0,523.5,527.4,3243871
2015-04-22,TATAMOTORS,529.0,529.7,510.65,523.5,4311384
2015-04-23,TATAMOTORS,527.8,527.8,508.45,512.0,4961920
2015-04-24,TATAMOTORS,515.25,520.0,508.6,516.2,4302328
2015-04-27,TATAMOTORS,521.0,523.0,513.05,516.85,3082875
2015-04-28,TATAMOTORS,520.5,533.8,518.35,529.85,6417077
2015-04-29,TATAMOTORS,526.75,528.0,516.8,520.9,3685760
2015-04-30,TATAMOTORS,518.2,520.8,506.75,508.25,10009172
2015-05-04,TATAMOTORS,511.75,516.0,497.5,506.45,5849866
2015-05-05,TATAMOTORS,509.5,515.7,506.05,510.45,3398712
2015-05-06,TATAMOTORS,508.5,508.5,495.8,497.85,5925410
2015-05-07,TATAMOTORS,493.5,503.0,482.6,488.1,5504557
2015-05-08,TATAMOTORS,498.75,515.9,497.35,513.7,6229295
2015-05-11,TATAMOTORS,522.25,530.95,517.0,529.7,5520513
2015-05-12,TATAMOTORS,525.7,525.7,511.15,513.55,4569616
2015-05-13,TATAMOTORS,517.0,525.55,506.55,520.45,4442178
2015-05-14,TATAMOTORS,519.0,519.0,510.1,516.6,3587736
2015-05-15,TATAMOTORS,519.0,524.5,517.05,519.9,4038816
2015-05-18,TATAMOTORS,517.25,524.4,510.3,520.7,4363711
2015-05-19,TATAMOTORS,516.9,518.75,508.7,509.8,5500642
2015-05-20,TATAMOTORS,511.0,513.85,503.55,505.25,6385674
2015-05-21,TATAMOTORS,506.5,512.5,505.0,511.2,4708702
2015-05-22,TATAMOTORS,511.75,516.95,510.2,514.65,4744826
2015-05-25,TATAMOTORS,513.0,514.0,503.0,505.3,3080546
2015-05-26,TATAMOTORS,505.0,506.0,493.55,497.6,7389680
2015-05-27,TATAMOTORS,473.6,474.95,463.55,471.75,15936377
2015-05-28,TATAMOTORS,473.85,487.45,472.25,484.35,11792862
2015-05-29,TATAMOTORS,485.2,490.25,479.4,481.65,7892019
2015-06-01,TATAMOTORS,482.9,482.9,471.0,472.05,4610219
2015-06-02,TATAMOTORS,473.1,478.4,465.0,466.95,6237231
2015-06-03,TATAMOTORS,467.0,468.75,434.7,456.85,9702740
2015-06-04,TATAMOTORS,456.85,458.45,445.45,451.2,8001049
2015-06-05,TATAMOTORS,445.65,449.55,439.5,442.1,11195670
2015-06-08,TATAMOTORS,435.3,438.0,429.05,435.6,7072020
2015-06-09,TATAMOTORS,431.3,443.8,431.3,440.05,7741629
2015-06-10,TATAMOTORS,439.9,449.4,436.0,446.6,9716102
2015-06-11,TATAMOTORS,446.5,446.8,428.1,430.2,9668308
2015-06-12,TATAMOTORS,426.55,429.5,417.25,421.8,10871836
2015-06-15,TATAMOTORS,426.0,427.95,418.1,426.35,7287773
2015-06-16,TATAMOTORS,427.05,435.8,421.25,432.8,6192559
2015-06-17,TATAMOTORS,436.0,437.4,426.5,433.7,7034146
2015-06-18,TATAMOTORS,434.9,447.5,431.4,445.45,8198142
2015-06-19,TATAMOTORS,444.8,444.8,431.6,433.05,6891821
2015-06-22,TATAMOTORS,435.0,444.0,435.0,440.5,5281379
2015-06-23,TATAMOTORS,441.0,447.4,435.0,436.0,5762483
2015-06-24,TATAMOTORS,438.7,438.7,428.1,430.6,7081258
2015-06-25,TATAMOTORS,433.0,436.1,429.5,432.4,7745469
2015-06-26,TATAMOTORS,435.0,438.8,431.2,437.6,5009173
2015-06-29,TATAMOTORS,428.8,432.5,418.15,428.25,7143044
2015-06-30,TATAMOTORS,428.0,436.25,422.7,434.15,6387312
2015-07-01,TATAMOTORS,436.75,447.4,431.4,444.5,6054910
2015-07-02,TATAMOTORS,445.0,445.0,435.0,436.4,4641851
2015-07-03,TATAMOTORS,436.0,436.0,430.45,433.15,3709457
2015-07-06,TATAMOTORS,428.0,433.5,420.7,431.1,4600687
2015-07-07,TATAMOTORS,434.35,435.7,428.0,431.55,5667938
2015-07-08,TATAMOTORS,424.0,424.0,400.0,404.95,15521757
2015-07-09,TATAMOTORS,400.15,403.35,394.25,397.8,9351601
2015-07-10,TATAMOTORS,400.25,405.8,398.05,401.9,13661389
2015-07-13,TATAMOTORS,406.7,406.7,397.05,402.1,8047912
2015-07-14,TATAMOTORS,403.5,403.5,380.95,385.95,11333562
2015-07-15,TATAMOTORS,387.0,395.0,382.6,394.3,15561638
2015-07-16,TATAMOTORS,394.9,398.65,392.45,395.25,5199913
2015-07-17,TATAMOTORS,395.95,403.25,390.4,398.05,6590110
2015-07-20,TATAMOTORS,399.0,401.9,389.3,390.75,5777196
2015-07-21,TATAMOTORS,391.8,393.3,386.1,389.1,6461958
2015-07-22,TATAMOTORS,388.0,392.8,385.95,389.55,5955109
2015-07-23,TATAMOTORS,388.75,403.4,385.0,401.35,9510349
2015-07-24,TATAMOTORS,397.55,399.35,389.0,390.25,7059848
2015-07-27,TATAMOTORS,384.25,385.25,373.0,377.45,8450904
2015-07-28,TATAMOTORS,373.0,374.9,366.1,370.1,10975840
2015-07-29,TATAMOTORS,373.9,379.95,372.7,376.45,9532212
2015-07-30,TATAMOTORS,381.65,382.5,376.0,377.45,6562559
2015-07-31,TATAMOTORS,380.8,390.5,380.05,383.85,6947628
2015-08-03,TATAMOTORS,386.35,394.4,382.0,388.2,6647982
2015-08-04,TATAMOTORS,385.9,387.0,378.0,380.75,5621275
2015-08-05,TATAMOTORS,378.75,388.5,375.1,376.4,8298929
2015-08-06,TATAMOTORS,376.5,384.7,373.2,383.1,7976356
2015-08-07,TATAMOTORS,382.4,396.0,382.4,393.4,10706804
2015-08-10,TATAMOTORS,384.0,395.3,382.1,385.7,14494111
2015-08-11,TATAMOTORS,387.1,388.0,367.55,369.15,9984809
2015-08-12,TATAMOTORS,365.0,365.85,353.55,355.2,11107801
2015-08-13,TATAMOTORS,356.9,360.95,348.0,349.4,11147702
2015-08-14,TATAMOTORS,351.45,359.75,345.1,355.25,6400810
2015-08-17,TATAMOTORS,354.4,362.3,345.25,356.1,5812093
2015-08-18,TATAMOTORS,355.85,358.35,347.7,348.6,5623977
2015-08-19,TATAMOTORS,348.7,354.9,344.0,351.25,6435894
2015-08-20,TATAMOTORS,348.0,349.7,341.0,342.2,7789676
2015-08-21,TATAMOTORS,339.4,339.4,327.75,332.4,8793065
2015-08-24,TATAMOTORS,317.0,317.0,301.6,308.25,14753473
2015-08-25,TATAMOTORS,308.0,331.35,305.8,328.85,13398318
2015-08-26,TATAMOTORS,322.0,341.4,318.25,335.1,13781660
2015-08-27,TATAMOTORS,338.4,342.55,327.25,334.05,17224851
2015-08-28,TATAMOTORS,342.0,342.0,335.25,340.05,7123909
2015-08-31,TATAMOTORS,340.0,348.75,332.45,340.15,7244287
2015-09-01,TATAMOTORS,334.95,339.35,325.1,329.9,8606005
2015-09-02,TATAMOTORS,328.85,332.5,321.45,324.45,8097313
2015-09-03,TATAMOTORS,326.2,339.8,326.2,333.55,8138855
2015-09-04,TATAMOTORS,330.0,330.8,316.0,322.9,6592654
2015-09-07,TATAMOTORS,327.8,333.0,320.0,322.85,5357928
2015-09-08,TATAMOTORS,326.0,333.25,316.3,330.9,6729868
2015-09-09,TATAMOTORS,335.35,350.7,333.6,344.9,8833492
2015-09-10,TATAMOTORS,340.05,356.45,331.0,354.1,9872906
2015-09-11,TATAMOTORS,354.9,358.9,342.25,344.6,8569963
2015-09-14,TATAMOTORS,348.9,350.9,342.25,346.8,5480940
2015-09-15,TATAMOTORS,345.95,345.95,333.05,334.1,5802405
2015-09-16,TATAMOTORS,337.7,340.4,332.5,338.05,5708786
2015-09-18,TATAMOTORS,329.2,333.8,326.85,330.25,14893326
2015-09-21,TATAMOTORS,326.85,334.9,325.65,331.7,5172386
2015-09-22,TATAMOTORS,332.0,333.6,314.0,315.8,7122834
2015-09-23,TATAMOTORS,311.0,312.55,306.25,310.3,8954516
2015-09-24,TATAMOTORS,309.7,312.0,301.6,303.4,13799813
2015-09-28,TATAMOTORS,304.4,304.4,283.5,285.0,13577316
2015-09-29,TATAMOTORS,281.2,294.8,279.1,288.75,12304403
2015-09-30,TATAMOTORS,289.25,299.75,288.1,298.6,12926187
2015-10-01,TATAMOTORS,301.45,301.5,291.5,297.75,7501080
2015-10-05,TATAMOTORS,302.5,322.1,302.5,315.15,14527820
2015-10-06,TATAMOTORS,320.55,334.7,319.55,333.7,18806867
2015-10-07,TATAMOTORS,333.9,345.0,329.0,341.35,17802539
2015-10-08,TATAMOTORS,343.8,347.3,341.55,343.25,12085332
2015-10-09,TATAMOTORS,346.2,359.2,341.1,356.45,11635790
2015-10-12,TATAMOTORS,356.5,367.0,356.4,362.35,10509775
2015-10-13,TATAMOTORS,360.0,365.25,355.05,361.1,9969583
2015-10-14,TATAMOTORS,358.75,360.25,351.1,352.3,7009418
2015-10-15,TATAMOTORS,355.3,383.75,355.3,381.3,19487376
2015-10-16,TATAMOTORS,388.6,390.95,380.65,386.2,16497652
2015-10-19,TATAMOTORS,384.0,384.0,376.25,378.7,7455714
2015-10-20,TATAMOTORS,379.0,395.75,377.4,383.15,15426131
2015-10-21,TATAMOTORS,379.95,386.4,378.55,381.45,8720671
2015-10-23,TATAMOTORS,383.9,388.8,382.0,383.0,6744440
2015-10-26,TATAMOTORS,386.45,389.9,383.25,384.6,5064657
2015-10-27,TATAMOTORS,383.0,386.95,382.2,383.35,4423221
2015-10-28,TATAMOTORS,382.8,390.75,382.2,386.3,8018683
2015-10-29,TATAMOTORS,388.95,396.8,384.25,391.2,15381516
2015-10-30,TATAMOTORS,389.75,390.8,383.5,384.95,6651831
2015-11-02,TATAMOTORS,386.1,392.05,384.4,387.95,7511675
2015-11-03,TATAMOTORS,391.25,391.25,380.8,382.05,5887746
2015-11-04,TATAMOTORS,390.05,407.25,390.05,404.85,13985828
2015-11-05,TATAMOTORS,403.6,412.8,401.45,404.0,12912937
2015-11-06,TATAMOTORS,399.9,404.4,392.5,396.15,11016134
2015-11-09,TATAMOTORS,374.0,413.5,373.05,411.75,22128119
2015-11-10,TATAMOTORS,408.0,417.4,402.7,407.45,12654616
2015-11-11,TATAMOTORS,408.75,414.0,408.05,411.3,1164924
2015-11-13,TATAMOTORS,411.35,417.5,401.8,403.95,11007237
2015-11-16,TATAMOTORS,401.0,404.85,394.2,400.25,7673487
2015-11-17,TATAMOTORS,403.0,410.7,398.55,407.5,6063987
2015-11-18,TATAMOTORS,407.95,413.5,403.25,406.25,6960097
2015-11-19,TATAMOTORS,409.9,409.9,403.5,406.95,5645524
2015-11-20,TATAMOTORS,408.5,410.7,401.35,402.85,5420173
2015-11-23,TATAMOTORS,400.35,404.4,396.5,402.1,4658448
2015-11-24,TATAMOTORS,399.1,406.5,397.05,400.95,5624579
2015-11-26,TATAMOTORS,404.75,426.45,404.0,424.4,15070353
2015-11-27,TATAMOTORS,425.55,431.9,416.45,417.65,9720127
2015-11-30,TATAMOTORS,419.9,429.6,418.0,423.25,9901753
2015-12-01,TATAMOTORS,427.0,427.0,416.1,417.35,6402692
2015-12-02,TATAMOTORS,415.9,418.9,410.3,413.15,6543300
2015-12-03,TATAMOTORS,408.7,411.9,404.25,405.6,5999323
2015-12-04,TATAMOTORS,402.5,411.5,398.7,399.95,8477407
2015-12-07,TATAMOTORS,402.9,403.0,395.3,399.15,6156323
2015-12-08,TATAMOTORS,396.95,406.95,396.1,402.4,7851653
2015-12-09,TATAMOTORS,402.8,405.0,392.75,393.95,6103583
2015-12-10,TATAMOTORS,401.2,401.2,385.25,389.6,10684178
2015-12-11,TATAMOTORS,390.9,392.65,375.3,377.95,6537672
2015-12-14,TATAMOTORS,369.75,373.5,360.5,371.6,12682481
2015-12-15,TATAMOTORS,371.25,380.95,365.5,379.5,7717531
2015-12-16,TATAMOTORS,375.9,385.0,372.85,380.45,11874858
2015-12-17,TATAMOTORS,385.0,387.0,376.05,382.95,7604665
2015-12-18,TATAMOTORS,381.9,384.8,376.8,378.25,6454322
2015-12-21,TATAMOTORS,379.1,382.55,377.5,380.15,4015631
2015-12-22,TATAMOTORS,380.9,382.8,377.2,378.1,3802024
2015-12-23,TATAMOTORS,379.9,380.85,377.5,378.45,3953766
2015-12-24,TATAMOTORS,380.9,384.75,377.6,382.4,4568751
2015-12-28,TATAMOTORS,384.9,395.0,383.75,394.0,7166351
2015-12-29,TATAMOTORS,392.9,397.5,388.75,391.85,7359611
2015-12-30,TATAMOTORS,392.0,395.0,390.5,393.45,4866177
2015-12-31,TATAMOTORS,394.0,395.75,389.15,391.3,6410622
