Date,Symbol,Open,High,Low,Close,Adj Close,Volume
02-01-2017,ADANIENT,77.8,77.8,76.35,76.95,76.97,2296460
03-01-2017,ADANIENT,77.1,77.4,75.8,76.55,76.77,1259423
04-01-2017,ADANIENT,77.0,78.8,76.8,77.8,77.78,2179592
05-01-2017,ADANIENT,78.5,79.6,78.2,79.15,79.01,2308694
06-01-2017,ADANIENT,79.2,79.9,78.4,78.65,78.92,1160629
09-01-2017,ADANIENT,78.55,79.55,78.25,78.75,78.78,846284
10-01-2017,ADANIENT,78.55,81.2,78.5,80.2,80.15,3196502
11-01-2017,ADANIENT,80.55,81.6,80.15,80.85,80.78,1502221
12-01-2017,ADANIENT,80.6,81.25,79.05,80.15,80.07,1553335
13-01-2017,ADANIENT,80.05,80.5,77.55,78.5,79.19,1854287
16-01-2017,ADANIENT,78.4,80.4,77.6,79.8,79.27,1503222
17-01-2017,ADANIENT,79.9,80.25,78.6,78.95,79.21,891846
18-01-2017,ADANIENT,79.1,80.7,78.4,79.2,79.54,1599586
19-01-2017,ADANIENT,79.5,81.0,78.8,80.6,79.99,1285140
20-01-2017,ADANIENT,80.95,82.0,77.0,77.5,79.74,2985011
23-01-2017,ADANIENT,77.4,79.0,77.0,78.2,78.26,884490
24-01-2017,ADANIENT,78.3,80.25,78.3,79.65,79.24,1527674
25-01-2017,ADANIENT,79.85,80.35,78.8,80.0,79.67,1701611
27-01-2017,ADANIENT,80.1,93.75,80.1,92.6,89.99,25002553
30-01-2017,ADANIENT,91.9,93.9,90.7,92.35,92.24,9616013
31-01-2017,ADANIENT,92.0,93.45,85.55,87.15,88.94,10535197
01-02-2017,ADANIENT,88.0,91.3,87.2,90.85,89.68,6995463
02-02-2017,ADANIENT,90.4,97.65,89.3,93.95,94.99,13368036
03-02-2017,ADANIENT,94.45,95.35,92.45,94.55,93.87,4592647
06-02-2017,ADANIENT,95.1,100.2,94.65,97.2,97.94,7629554
07-02-2017,ADANIENT,97.9,97.9,90.75,91.85,93.58,7549222
08-02-2017,ADANIENT,92.45,95.1,91.0,92.1,92.39,6130858
09-02-2017,ADANIENT,92.5,94.4,90.55,93.65,92.97,3656581
10-02-2017,ADANIENT,94.0,94.95,92.4,92.85,93.79,3194365
13-02-2017,ADANIENT,93.55,93.65,90.0,91.7,91.65,2133187
14-02-2017,ADANIENT,91.9,92.1,89.3,90.75,90.56,3326446
15-02-2017,ADANIENT,91.5,96.75,91.25,92.25,94.27,11656510
16-02-2017,ADANIENT,92.7,94.5,91.0,94.3,93.41,3447121
17-02-2017,ADANIENT,94.9,95.35,93.4,93.8,93.95,1838828
20-02-2017,ADANIENT,94.0,99.75,93.65,97.4,97.79,8798985
21-02-2017,ADANIENT,97.9,99.2,96.85,97.45,97.73,3633716
22-02-2017,ADANIENT,97.6,98.3,94.05,94.55,96.08,4687483
23-02-2017,ADANIENT,94.5,97.7,93.9,96.6,96.5,5958620
27-02-2017,ADANIENT,96.8,97.7,94.6,96.05,96.18,2478463
28-02-2017,ADANIENT,96.0,100.75,95.1,98.5,98.74,8148197
01-03-2017,ADANIENT,99.0,99.55,97.15,98.0,98.29,2397830
02-03-2017,ADANIENT,98.35,99.9,93.05,93.6,96.14,3923833
03-03-2017,ADANIENT,93.2,95.3,92.95,94.7,94.2,3920942
06-03-2017,ADANIENT,95.05,95.85,94.05,95.4,95.09,2240085
07-03-2017,ADANIENT,95.65,99.4,95.2,97.85,97.68,5164512
08-03-2017,ADANIENT,98.0,99.05,93.95,94.65,95.68,3198694
09-03-2017,ADANIENT,94.35,94.85,92.8,93.6,93.77,2253696
10-03-2017,ADANIENT,94.0,95.5,92.75,94.05,94.22,2176686
14-03-2017,ADANIENT,97.05,99.0,95.75,97.55,97.45,5071245
15-03-2017,ADANIENT,97.65,101.8,96.55,101.2,99.85,9540896
16-03-2017,ADANIENT,102.45,103.95,101.8,102.75,102.98,7119866
17-03-2017,ADANIENT,103.5,105.4,102.2,103.7,103.86,6463490
20-03-2017,ADANIENT,103.6,104.8,101.85,103.3,103.08,2192937
21-03-2017,ADANIENT,103.2,104.4,101.5,103.6,102.84,2632837
22-03-2017,ADANIENT,102.4,103.7,101.5,101.75,102.4,2174100
23-03-2017,ADANIENT,101.9,105.25,101.65,104.55,104.02,4346658
24-03-2017,ADANIENT,105.2,107.0,104.35,105.75,105.75,5178267
27-03-2017,ADANIENT,105.9,105.9,102.8,103.85,103.88,3408128
28-03-2017,ADANIENT,105.0,105.85,103.85,104.55,104.85,2590526
29-03-2017,ADANIENT,104.95,105.25,103.7,104.45,104.57,1897100
30-03-2017,ADANIENT,104.65,106.5,104.15,105.8,105.68,7405888
31-03-2017,ADANIENT,106.35,110.2,105.2,108.55,108.1,6986469
03-04-2017,ADANIENT,108.85,112.3,107.95,111.8,110.89,4741739
05-04-2017,ADANIENT,112.0,115.45,110.75,114.6,114.11,4340487
06-04-2017,ADANIENT,114.2,116.15,113.85,115.75,115.19,3258878
07-04-2017,ADANIENT,114.5,119.55,114.3,117.4,117.46,5580242
10-04-2017,ADANIENT,117.95,120.65,117.3,120.1,119.44,4859156
11-04-2017,ADANIENT,119.85,125.5,118.55,121.3,121.88,11436293
12-04-2017,ADANIENT,118.5,119.5,109.8,114.35,114.78,9171249
13-04-2017,ADANIENT,114.9,117.5,112.15,116.85,115.6,5018338
17-04-2017,ADANIENT,115.05,124.2,115.05,123.35,120.51,5952208
18-04-2017,ADANIENT,124.0,160.7,124.0,144.9,150.26,92715070
19-04-2017,ADANIENT,142.9,148.5,138.05,145.15,143.91,23662260
20-04-2017,ADANIENT,145.8,149.4,143.5,146.25,146.29,8478294
21-04-2017,ADANIENT,146.5,148.5,143.7,145.95,146.47,5457294
24-04-2017,ADANIENT,145.9,159.15,145.0,150.05,153.79,17018361
25-04-2017,ADANIENT,150.6,153.65,148.3,149.95,150.86,7988542
26-04-2017,ADANIENT,150.2,151.55,117.2,118.55,127.87,44780598
27-04-2017,ADANIENT,121.7,135.35,112.7,114.15,122.63,78120754
28-04-2017,ADANIENT,116.8,118.7,107.3,108.95,111.81,39309185
02-05-2017,ADANIENT,109.85,116.3,106.55,112.75,111.98,31196578
03-05-2017,ADANIENT,113.85,115.9,109.8,112.65,112.67,17853028
04-05-2017,ADANIENT,112.95,114.65,112.05,113.4,113.34,9225795
05-05-2017,ADANIENT,113.6,115.4,108.45,113.7,112.24,12155635
08-05-2017,ADANIENT,114.1,116.0,111.55,114.55,114.49,8351327
09-05-2017,ADANIENT,114.9,119.9,113.7,118.2,117.75,12659485
10-05-2017,ADANIENT,119.45,123.85,118.5,122.8,121.35,12398019
11-05-2017,ADANIENT,125.45,126.8,117.4,120.15,122.04,23149912
12-05-2017,ADANIENT,120.6,122.85,117.2,121.55,120.31,10909470
15-05-2017,ADANIENT,122.5,123.2,120.0,121.9,121.82,7090402
16-05-2017,ADANIENT,121.95,124.5,120.8,122.8,122.93,6895666
17-05-2017,ADANIENT,122.5,122.85,119.55,121.5,121.16,5817867
18-05-2017,ADANIENT,119.9,125.85,118.6,120.35,122.25,10312432
19-05-2017,ADANIENT,123.2,124.45,120.15,121.9,122.29,6205020
22-05-2017,ADANIENT,122.55,124.35,120.6,121.35,121.95,5788097
23-05-2017,ADANIENT,118.5,118.6,109.5,113.15,113.21,12969389
24-05-2017,ADANIENT,114.1,115.4,110.6,113.6,113.58,6385463
25-05-2017,ADANIENT,119.0,119.4,114.45,116.25,116.41,9523315
26-05-2017,ADANIENT,117.0,117.8,115.0,115.95,116.3,4170952
29-05-2017,ADANIENT,115.95,116.0,110.05,111.4,112.45,4816508
30-05-2017,ADANIENT,112.0,124.8,110.0,117.9,119.03,20862798
31-05-2017,ADANIENT,118.3,120.7,115.05,116.8,117.07,8292327
01-06-2017,ADANIENT,117.2,118.7,116.25,116.75,117.18,5578850
02-06-2017,ADANIENT,117.2,118.75,116.5,117.5,117.54,4227409
05-06-2017,ADANIENT,117.5,119.7,116.5,117.5,117.58,4628391
06-06-2017,ADANIENT,119.1,128.8,119.1,128.05,125.53,37683895
07-06-2017,ADANIENT,130.75,134.5,129.1,131.3,132.33,24487190
08-06-2017,ADANIENT,131.0,131.6,126.75,129.8,128.77,8299688
09-06-2017,ADANIENT,130.0,133.2,127.05,132.25,131.11,9200926
12-06-2017,ADANIENT,131.5,133.2,128.0,130.75,131.02,5195277
13-06-2017,ADANIENT,129.0,135.8,129.0,132.4,133.64,12237856
14-06-2017,ADANIENT,132.8,133.7,130.4,131.25,131.51,4219965
15-06-2017,ADANIENT,131.0,133.95,129.0,132.5,132.35,5069151
16-06-2017,ADANIENT,132.45,133.4,130.3,130.9,131.58,4333378
19-06-2017,ADANIENT,132.25,133.35,131.3,131.95,132.2,3366146
20-06-2017,ADANIENT,132.4,132.4,129.3,130.9,130.82,3600676
21-06-2017,ADANIENT,130.8,132.9,130.3,131.85,131.74,4123135
22-06-2017,ADANIENT,132.5,133.2,130.0,130.85,131.77,3971698
23-06-2017,ADANIENT,130.9,131.1,124.15,126.35,126.57,5913258
27-06-2017,ADANIENT,126.9,132.9,124.5,131.0,128.33,5961133
28-06-2017,ADANIENT,132.3,136.7,132.1,134.4,134.74,14293742
29-06-2017,ADANIENT,135.0,135.6,132.6,133.25,133.87,4347591
30-06-2017,ADANIENT,133.0,134.3,130.55,132.6,132.65,4288794
03-07-2017,ADANIENT,132.4,138.95,132.0,136.5,136.56,9590074
04-07-2017,ADANIENT,136.5,137.45,132.9,133.55,134.84,3729846
05-07-2017,ADANIENT,134.0,136.0,132.5,135.25,134.66,4430195
06-07-2017,ADANIENT,135.0,136.1,133.85,135.2,135.08,3032861
07-07-2017,ADANIENT,134.45,136.0,133.5,134.2,134.74,1890872
10-07-2017,ADANIENT,138.9,138.9,131.2,134.85,135.1,619714
11-07-2017,ADANIENT,135.0,135.45,132.8,133.4,134.15,2459729
12-07-2017,ADANIENT,133.7,141.85,133.0,141.3,139.47,15422906
13-07-2017,ADANIENT,142.5,144.35,138.15,140.8,141.63,10926196
14-07-2017,ADANIENT,141.0,141.45,137.7,139.4,139.38,4692142
17-07-2017,ADANIENT,139.5,140.8,138.4,139.4,139.69,2426468
18-07-2017,ADANIENT,138.95,140.35,137.1,137.85,138.66,2732576
19-07-2017,ADANIENT,138.0,140.65,137.5,139.5,139.35,2985094
20-07-2017,ADANIENT,140.0,142.0,138.5,140.4,140.38,3904565
21-07-2017,ADANIENT,140.85,141.8,137.85,141.2,140.37,3543548
24-07-2017,ADANIENT,141.4,142.7,139.2,140.25,141.29,3416472
25-07-2017,ADANIENT,140.95,140.95,138.3,139.3,139.54,2869545
26-07-2017,ADANIENT,139.5,142.3,138.9,140.75,140.91,3418321
27-07-2017,ADANIENT,140.75,141.85,137.5,138.5,139.28,4166061
28-07-2017,ADANIENT,138.1,139.35,136.45,138.7,138.45,1810929
31-07-2017,ADANIENT,138.7,139.75,137.05,137.9,138.26,1735603
01-08-2017,ADANIENT,137.9,140.85,137.9,140.2,139.53,2635910
02-08-2017,ADANIENT,140.7,143.85,140.55,141.95,142.24,4380118
03-08-2017,ADANIENT,142.1,142.65,137.1,137.75,139.74,2488880
04-08-2017,ADANIENT,137.6,139.25,136.2,138.0,137.85,2306461
07-08-2017,ADANIENT,138.45,140.9,138.0,140.1,139.7,2242614
08-08-2017,ADANIENT,140.15,141.2,135.4,137.35,138.2,2862404
09-08-2017,ADANIENT,137.0,137.0,120.65,124.25,129.74,5431633
10-08-2017,ADANIENT,122.5,123.25,113.25,115.85,119.24,5134939
11-08-2017,ADANIENT,114.0,115.8,106.0,113.7,112.27,5174105
14-08-2017,ADANIENT,115.0,117.9,111.8,116.65,115.49,2885275
16-08-2017,ADANIENT,114.0,116.45,109.05,115.2,112.28,6940295
17-08-2017,ADANIENT,115.5,117.5,112.3,113.4,115.06,3746529
18-08-2017,ADANIENT,112.25,113.5,110.55,112.25,112.11,3078656
21-08-2017,ADANIENT,113.0,113.85,106.75,107.5,110.31,2773290
22-08-2017,ADANIENT,108.55,109.35,104.8,106.3,106.82,4036450
23-08-2017,ADANIENT,107.45,110.5,107.0,110.05,108.91,4677977
24-08-2017,ADANIENT,110.7,110.9,108.1,109.15,109.32,4390164
28-08-2017,ADANIENT,117.1,121.05,115.05,119.2,118.48,16245306
29-08-2017,ADANIENT,117.4,122.75,116.75,118.95,120.23,9812669
30-08-2017,ADANIENT,120.4,131.85,120.15,128.15,126.3,16432031
31-08-2017,ADANIENT,133.0,133.95,128.05,132.55,131.21,23717123
01-09-2017,ADANIENT,132.75,138.85,131.35,136.6,135.63,17807316
04-09-2017,ADANIENT,136.2,136.45,128.0,130.8,131.49,10003075
05-09-2017,ADANIENT,131.4,135.1,130.8,133.1,133.31,6456212
06-09-2017,ADANIENT,130.1,132.1,128.5,130.8,130.35,6965729
07-09-2017,ADANIENT,131.45,133.25,129.65,130.4,131.58,4234036
08-09-2017,ADANIENT,130.9,131.8,126.35,127.6,128.69,3798565
11-09-2017,ADANIENT,128.5,132.35,128.2,130.65,130.44,3788024
12-09-2017,ADANIENT,131.8,134.9,130.4,133.95,132.95,5724435
13-09-2017,ADANIENT,133.9,134.5,130.3,130.75,132.41,3109588
14-09-2017,ADANIENT,131.0,133.3,129.65,131.9,131.59,3516832
15-09-2017,ADANIENT,130.05,131.75,129.2,130.65,130.46,3939948
18-09-2017,ADANIENT,131.65,132.9,130.1,130.85,131.44,2676220
19-09-2017,ADANIENT,130.95,132.2,130.1,131.0,131.08,2326183
20-09-2017,ADANIENT,131.75,131.75,129.1,129.4,130.11,2458718
21-09-2017,ADANIENT,129.4,130.95,124.9,127.7,127.89,3041970
22-09-2017,ADANIENT,126.85,126.85,121.0,121.75,124.14,2761762
25-09-2017,ADANIENT,121.9,122.05,113.75,116.65,116.81,3651981
26-09-2017,ADANIENT,116.6,120.2,114.8,118.6,117.45,4273887
27-09-2017,ADANIENT,119.5,120.8,113.15,114.25,116.76,3698588
28-09-2017,ADANIENT,114.8,116.75,113.4,115.3,115.3,3251061
29-09-2017,ADANIENT,116.0,117.7,115.45,116.3,116.58,2668774
03-10-2017,ADANIENT,116.55,116.6,110.35,111.8,112.52,5786682
04-10-2017,ADANIENT,112.2,115.95,111.9,115.3,114.51,6485757
05-10-2017,ADANIENT,116.6,123.2,116.1,121.6,119.98,10839785
06-10-2017,ADANIENT,122.9,125.0,121.75,123.45,123.51,6023990
09-10-2017,ADANIENT,120.0,121.95,117.1,119.3,118.89,7515146
10-10-2017,ADANIENT,119.5,122.0,119.5,120.25,120.82,3765307
11-10-2017,ADANIENT,121.15,123.4,117.6,118.95,121.03,4263901
12-10-2017,ADANIENT,120.0,120.8,118.5,120.1,119.7,2146531
13-10-2017,ADANIENT,120.8,121.15,119.5,119.85,120.33,1922554
16-10-2017,ADANIENT,120.65,120.95,116.5,117.4,118.41,2672505
17-10-2017,ADANIENT,117.85,118.95,117.05,118.1,118.09,1646672
18-10-2017,ADANIENT,118.0,123.55,116.85,122.6,120.85,5756535
19-10-2017,ADANIENT,123.25,127.0,122.35,125.6,125.01,2677513
23-10-2017,ADANIENT,126.4,129.8,125.2,126.95,127.24,4877150
24-10-2017,ADANIENT,127.0,128.35,125.4,126.3,126.84,2510874
25-10-2017,ADANIENT,126.85,129.2,124.05,127.7,126.18,3208639
26-10-2017,ADANIENT,127.5,131.75,126.15,131.0,129.59,4101271
27-10-2017,ADANIENT,131.9,132.9,128.5,129.95,130.72,3390969
30-10-2017,ADANIENT,130.65,136.4,129.1,134.2,134.15,5432720
31-10-2017,ADANIENT,134.7,134.7,130.05,132.3,132.24,2930305
01-11-2017,ADANIENT,132.8,135.3,132.1,133.1,133.66,2233742
02-11-2017,ADANIENT,133.3,135.6,131.85,133.35,133.51,2230547
03-11-2017,ADANIENT,134.0,142.7,132.9,140.5,137.81,6569012
06-11-2017,ADANIENT,143.2,151.45,142.65,149.7,147.58,12584319
07-11-2017,ADANIENT,149.75,152.3,141.2,148.35,146.76,7356189
08-11-2017,ADANIENT,148.05,158.4,146.4,151.5,154.37,13716214
09-11-2017,ADANIENT,151.85,155.9,149.1,154.4,152.71,4923828
10-11-2017,ADANIENT,154.35,158.25,151.8,156.4,155.24,5725960
13-11-2017,ADANIENT,157.1,160.2,150.85,152.8,155.42,5822879
14-11-2017,ADANIENT,152.0,158.4,151.5,155.35,155.39,6292563
15-11-2017,ADANIENT,154.8,155.8,146.1,147.05,150.4,4240874
16-11-2017,ADANIENT,145.0,146.0,139.6,144.75,143.03,5535897
17-11-2017,ADANIENT,146.5,158.75,146.2,156.6,153.1,8535047
20-11-2017,ADANIENT,156.95,162.0,156.05,160.4,159.46,8674469
21-11-2017,ADANIENT,161.0,161.7,152.2,153.45,156.94,5386978
22-11-2017,ADANIENT,154.3,159.2,152.55,157.8,155.88,4955519
23-11-2017,ADANIENT,158.0,158.45,149.7,152.5,152.96,4727002
24-11-2017,ADANIENT,152.6,155.4,150.0,153.25,152.71,3761880
27-11-2017,ADANIENT,150.0,152.2,146.85,151.25,149.99,4600982
28-11-2017,ADANIENT,151.2,152.7,147.55,148.85,150.12,2824828
29-11-2017,ADANIENT,148.85,149.45,146.0,147.45,147.46,2648352
30-11-2017,ADANIENT,146.5,149.5,145.1,146.6,146.87,2702060
01-12-2017,ADANIENT,147.0,151.35,140.05,142.35,147.85,5272779
04-12-2017,ADANIENT,142.8,145.8,131.75,142.6,141.95,6970705
05-12-2017,ADANIENT,142.65,146.8,139.55,145.75,142.9,4720284
06-12-2017,ADANIENT,143.7,147.4,141.3,142.25,144.66,3852721
07-12-2017,ADANIENT,142.7,148.95,142.1,147.55,145.42,3346587
08-12-2017,ADANIENT,149.2,152.55,148.6,151.05,150.39,5248995
11-12-2017,ADANIENT,152.4,154.25,149.7,153.3,152.12,4547863
12-12-2017,ADANIENT,153.9,155.3,149.05,152.55,152.44,7656986
13-12-2017,ADANIENT,150.0,153.4,146.2,147.5,150.09,7720271
14-12-2017,ADANIENT,147.0,150.3,142.85,148.55,146.51,4719833
15-12-2017,ADANIENT,154.95,155.8,150.7,155.2,153.32,9641091
18-12-2017,ADANIENT,148.0,166.45,139.7,159.95,157.27,36258411
19-12-2017,ADANIENT,159.9,161.7,155.85,160.4,159.66,8093608
20-12-2017,ADANIENT,160.0,163.05,157.7,160.95,160.45,6211843
21-12-2017,ADANIENT,161.0,164.95,160.25,162.6,162.68,5528048
22-12-2017,ADANIENT,162.95,165.95,161.1,162.9,163.7,4597724
26-12-2017,ADANIENT,163.0,165.2,160.95,163.2,163.07,2925999
27-12-2017,ADANIENT,163.0,169.35,162.4,165.95,166.85,9076528
28-12-2017,ADANIENT,166.0,167.2,163.5,165.25,165.47,3753225
29-12-2017,ADANIENT,165.0,168.25,163.9,166.35,166.22,4272076
01-01-2018,ADANIENT,165.8,169.85,165.0,166.05,167.8,4220395
02-01-2018,ADANIENT,166.1,167.4,162.15,163.9,164.42,2712044
03-01-2018,ADANIENT,163.9,180.25,163.9,176.2,175.67,21268697
04-01-2018,ADANIENT,176.0,185.2,174.15,183.3,182.17,12411875
05-01-2018,ADANIENT,184.8,194.3,182.4,193.15,189.89,11521764
08-01-2018,ADANIENT,192.6,201.0,192.3,196.45,197.08,8253904
09-01-2018,ADANIENT,198.0,198.95,194.1,195.9,196.37,4715461
10-01-2018,ADANIENT,196.1,203.85,196.0,198.8,200.31,11667268
11-01-2018,ADANIENT,198.0,203.7,195.55,201.7,200.99,5579135
12-01-2018,ADANIENT,202.0,203.75,194.25,199.95,199.24,5218945
15-01-2018,ADANIENT,201.0,202.2,197.3,198.2,199.52,2971871
16-01-2018,ADANIENT,198.7,199.1,188.2,194.6,193.61,7331265
17-01-2018,ADANIENT,194.2,205.7,187.9,204.55,199.15,9472531
18-01-2018,ADANIENT,206.0,207.5,188.7,195.25,197.21,13242809
19-01-2018,ADANIENT,195.25,201.0,188.55,199.7,195.08,14032888
22-01-2018,ADANIENT,198.0,202.35,196.0,198.9,198.63,5740115
23-01-2018,ADANIENT,199.4,205.25,196.1,204.4,201.22,7561852
24-01-2018,ADANIENT,204.3,207.55,200.0,205.5,203.24,7805766
25-01-2018,ADANIENT,205.0,215.75,201.8,214.4,210.28,13233590
29-01-2018,ADANIENT,215.6,220.5,210.6,213.35,216.5,7973287
30-01-2018,ADANIENT,211.0,213.55,207.5,211.3,210.98,4290228
31-01-2018,ADANIENT,209.95,218.75,209.15,213.2,214.8,7732419
01-02-2018,ADANIENT,213.0,217.05,203.7,214.0,212.79,4905671
02-02-2018,ADANIENT,213.0,213.0,195.1,197.2,202.57,6946208
05-02-2018,ADANIENT,185.1,201.0,183.7,199.45,194.81,6443758
06-02-2018,ADANIENT,185.0,198.2,182.7,195.3,192.24,5920376
07-02-2018,ADANIENT,199.55,202.75,195.1,196.75,198.1,3982586
08-02-2018,ADANIENT,198.25,206.15,196.9,204.5,202.48,4439467
09-02-2018,ADANIENT,200.0,211.85,197.65,210.1,206.3,6060617
12-02-2018,ADANIENT,211.2,219.3,211.2,217.25,216.21,7269216
14-02-2018,ADANIENT,218.5,223.5,216.75,219.45,221.47,6915464
15-02-2018,ADANIENT,221.1,222.65,210.65,214.75,216.41,4974761
16-02-2018,ADANIENT,215.8,218.45,204.8,207.8,210.35,5458989
19-02-2018,ADANIENT,205.0,207.45,200.5,202.9,203.77,4869612
20-02-2018,ADANIENT,202.0,203.55,195.0,198.0,198.64,6326486
21-02-2018,ADANIENT,199.3,200.5,195.3,197.4,197.15,4152954
22-02-2018,ADANIENT,196.0,204.45,193.8,203.3,199.4,8957045
23-02-2018,ADANIENT,204.5,205.75,201.5,204.35,203.5,5007111
26-02-2018,ADANIENT,205.0,207.85,203.5,205.6,205.77,2916864
27-02-2018,ADANIENT,206.0,209.85,201.2,207.05,205.76,5990667
28-02-2018,ADANIENT,204.95,207.95,202.5,203.55,205.06,3876913
01-03-2018,ADANIENT,203.55,206.7,198.2,199.15,202.64,3600007
05-03-2018,ADANIENT,199.0,202.7,196.75,200.9,199.93,3891702
06-03-2018,ADANIENT,202.5,203.35,180.1,186.2,193.4,8063223
07-03-2018,ADANIENT,182.9,185.45,169.2,172.2,177.83,21742279
08-03-2018,ADANIENT,174.0,177.4,160.0,168.95,168.31,19371103
09-03-2018,ADANIENT,168.95,170.5,154.65,156.1,160.89,17088755
12-03-2018,ADANIENT,158.45,164.4,150.0,162.25,156.37,20088994
13-03-2018,ADANIENT,162.05,164.5,157.0,159.75,160.26,15160439
14-03-2018,ADANIENT,156.8,165.2,156.55,163.75,161.58,13334956
15-03-2018,ADANIENT,163.5,170.45,163.2,167.05,166.94,13195532
16-03-2018,ADANIENT,167.5,168.45,159.15,160.5,164.15,12405008
19-03-2018,ADANIENT,160.0,162.0,154.65,160.6,157.66,11657832
20-03-2018,ADANIENT,158.95,163.4,158.3,160.95,161.19,9395255
21-03-2018,ADANIENT,161.75,166.15,161.15,162.2,163.8,7748642
22-03-2018,ADANIENT,162.4,163.85,158.55,159.45,161.02,6171698
23-03-2018,ADANIENT,155.0,156.2,148.7,152.45,151.68,9936873
26-03-2018,ADANIENT,152.5,166.25,150.75,163.75,156.55,12479612
27-03-2018,ADANIENT,165.9,167.7,158.6,159.9,163.11,12016092
28-03-2018,ADANIENT,158.9,161.9,154.7,156.4,158.36,11699148
02-04-2018,ADANIENT,157.3,162.45,151.2,160.9,158.35,9992345
03-04-2018,ADANIENT,158.25,163.3,156.55,162.4,160.3,11497486
04-04-2018,ADANIENT,162.45,166.4,147.1,151.45,158.18,33352404
05-04-2018,ADANIENT,133.0,152.95,126.25,147.85,145.14,27497507
06-04-2018,ADANIENT,148.25,154.65,147.7,149.75,151.29,10623849
09-04-2018,ADANIENT,150.2,152.0,145.65,147.15,148.5,5148636
10-04-2018,ADANIENT,148.5,150.95,146.7,147.75,148.66,4948074
11-04-2018,ADANIENT,148.05,148.75,142.6,144.55,144.71,5128577
12-04-2018,ADANIENT,144.6,146.3,134.65,136.1,139.49,7768352
13-04-2018,ADANIENT,140.4,143.0,137.6,139.4,140.66,11986798
16-04-2018,ADANIENT,138.7,141.9,137.0,140.75,139.32,5077236
17-04-2018,ADANIENT,141.45,142.95,137.8,139.5,140.19,3526569
18-04-2018,ADANIENT,141.0,141.0,135.7,136.75,138.18,3297720
19-04-2018,ADANIENT,135.5,142.3,135.0,141.65,139.33,6407262
20-04-2018,ADANIENT,141.0,141.0,136.0,137.7,137.98,3928069
23-04-2018,ADANIENT,139.0,142.0,137.6,139.75,139.66,4466205
24-04-2018,ADANIENT,140.55,141.3,136.85,137.9,138.63,3619659
25-04-2018,ADANIENT,138.0,139.5,136.65,137.55,137.99,2744549
26-04-2018,ADANIENT,138.0,141.75,136.0,140.55,138.43,2829547
27-04-2018,ADANIENT,140.95,148.6,140.25,141.8,144.57,7560641
30-04-2018,ADANIENT,142.35,144.4,138.6,140.1,141.56,2549744
02-05-2018,ADANIENT,140.35,141.5,124.2,129.4,132.4,8357323
03-05-2018,ADANIENT,130.0,130.5,123.3,126.4,126.62,12869077
04-05-2018,ADANIENT,126.7,132.45,125.65,126.6,129.05,12870721
07-05-2018,ADANIENT,127.1,129.9,124.85,127.6,127.32,12195077
08-05-2018,ADANIENT,128.25,133.5,125.8,131.45,128.77,4625620
09-05-2018,ADANIENT,130.4,131.45,128.05,129.05,129.53,3565162
10-05-2018,ADANIENT,129.9,130.7,125.7,126.65,127.97,4815033
11-05-2018,ADANIENT,127.55,129.4,123.4,127.8,126.23,5943405
14-05-2018,ADANIENT,127.85,128.0,121.6,124.0,124.96,5039909
15-05-2018,ADANIENT,124.0,129.45,121.3,123.3,125.44,6753335
16-05-2018,ADANIENT,123.0,124.8,120.65,123.1,122.72,4008619
17-05-2018,ADANIENT,124.4,125.6,121.8,123.4,123.58,3158060
18-05-2018,ADANIENT,123.8,124.0,117.55,118.6,120.1,4125360
21-05-2018,ADANIENT,119.0,120.9,116.0,118.2,117.78,3196634
22-05-2018,ADANIENT,119.9,123.5,118.25,122.25,120.87,3700083
23-05-2018,ADANIENT,122.0,122.45,116.8,117.4,118.74,2564043
24-05-2018,ADANIENT,118.0,120.5,115.65,119.15,118.43,4368851
25-05-2018,ADANIENT,119.05,125.9,118.05,124.8,122.25,5483064
28-05-2018,ADANIENT,123.9,131.5,123.9,129.65,128.46,5007622
29-05-2018,ADANIENT,128.0,129.35,122.75,123.7,125.78,4091255
30-05-2018,ADANIENT,122.1,125.2,121.5,123.4,123.48,2133256
31-05-2018,ADANIENT,124.0,124.25,120.25,121.0,121.73,4584277
01-06-2018,ADANIENT,121.0,122.2,115.55,119.55,118.71,6238346
04-06-2018,ADANIENT,119.95,121.0,113.65,116.25,117.74,5153935
05-06-2018,ADANIENT,116.0,117.3,113.05,115.4,114.88,3155941
06-06-2018,ADANIENT,115.5,119.65,114.45,118.25,116.93,4012380
07-06-2018,ADANIENT,118.25,128.2,118.25,125.4,124.18,11000722
08-06-2018,ADANIENT,124.75,127.2,122.55,126.3,124.87,5338810
11-06-2018,ADANIENT,127.7,132.85,126.9,128.25,130.09,6562401
12-06-2018,ADANIENT,127.3,128.9,126.15,127.65,127.6,2262313
13-06-2018,ADANIENT,128.55,132.65,128.3,129.15,130.43,6679378
14-06-2018,ADANIENT,128.5,134.85,127.2,133.95,131.57,9893943
15-06-2018,ADANIENT,135.0,137.2,131.4,132.45,134.31,8917748
18-06-2018,ADANIENT,132.9,136.0,130.45,134.35,133.64,8419032
19-06-2018,ADANIENT,132.6,135.55,128.9,129.9,132.05,5591679
20-06-2018,ADANIENT,129.0,132.35,128.9,131.75,131.13,4895974
21-06-2018,ADANIENT,131.7,132.7,128.5,129.85,130.27,3634286
22-06-2018,ADANIENT,129.8,131.0,127.55,130.35,129.44,4123963
25-06-2018,ADANIENT,130.0,131.1,126.7,127.0,129.01,2763727
26-06-2018,ADANIENT,125.2,131.0,125.2,129.15,128.3,5572972
27-06-2018,ADANIENT,128.0,128.0,112.5,115.1,118.47,11674336
28-06-2018,ADANIENT,113.5,115.65,108.7,109.35,112.31,8742008
29-06-2018,ADANIENT,110.1,114.2,110.1,113.15,112.63,6266086
02-07-2018,ADANIENT,112.8,113.75,100.85,105.05,105.02,14163679
03-07-2018,ADANIENT,104.6,107.95,102.6,106.25,105.95,7563035
04-07-2018,ADANIENT,106.3,108.75,103.75,107.7,106.36,7081273
05-07-2018,ADANIENT,108.05,108.05,104.55,105.9,106.08,4199495
06-07-2018,ADANIENT,104.75,112.7,102.75,110.95,110.03,12419598
09-07-2018,ADANIENT,111.5,113.35,108.7,111.65,111.36,6004307
10-07-2018,ADANIENT,113.0,115.35,112.1,114.1,113.85,5607485
11-07-2018,ADANIENT,114.5,125.5,114.1,124.1,122.93,26582477
12-07-2018,ADANIENT,124.45,126.5,121.3,124.3,124.21,8275466
13-07-2018,ADANIENT,124.65,132.2,122.35,131.65,127.89,26190343
16-07-2018,ADANIENT,131.0,134.85,129.2,133.6,132.74,18221825
17-07-2018,ADANIENT,135.05,141.6,134.2,138.3,138.88,19643642
18-07-2018,ADANIENT,138.25,144.0,135.95,142.2,140.58,15509835
19-07-2018,ADANIENT,143.4,154.2,141.05,151.05,147.05,14414031
20-07-2018,ADANIENT,152.1,164.7,149.7,162.95,158.25,27020824
23-07-2018,ADANIENT,161.35,172.4,159.0,171.2,165.51,23373737
24-07-2018,ADANIENT,171.0,188.0,165.15,186.05,175.29,54181637
25-07-2018,ADANIENT,185.0,205.3,183.7,199.8,196.58,57013586
26-07-2018,ADANIENT,194.3,201.95,189.05,197.75,196.01,42450972
27-07-2018,ADANIENT,198.05,206.75,190.5,195.9,199.57,28498883
30-07-2018,ADANIENT,197.2,200.4,192.35,193.55,195.8,13913862
31-07-2018,ADANIENT,193.45,198.2,191.05,195.45,193.64,8954739
01-08-2018,ADANIENT,196.0,197.6,191.65,193.25,194.01,5366632
02-08-2018,ADANIENT,193.0,201.7,185.5,196.5,193.34,17024744
03-08-2018,ADANIENT,194.5,204.3,194.0,198.15,200.47,20404842
06-08-2018,ADANIENT,200.0,202.15,196.2,198.2,199.33,8844068
07-08-2018,ADANIENT,197.0,197.3,186.65,190.15,191.89,13606741
08-08-2018,ADANIENT,182.05,208.7,179.0,199.65,189.54,35491149
09-08-2018,ADANIENT,204.0,206.9,198.2,200.35,202.47,15237502
10-08-2018,ADANIENT,199.65,201.9,196.1,199.15,198.89,9286699
13-08-2018,ADANIENT,196.0,198.8,192.75,194.4,195.39,7193016
14-08-2018,ADANIENT,194.7,205.4,194.55,202.3,200.88,13331334
16-08-2018,ADANIENT,198.5,206.0,198.5,202.9,202.74,9452650
17-08-2018,ADANIENT,202.0,206.7,200.7,203.05,204.24,5498632
20-08-2018,ADANIENT,203.15,214.25,202.15,212.5,209.92,19808480
21-08-2018,ADANIENT,214.0,222.0,212.05,213.3,217.3,22079310
23-08-2018,ADANIENT,214.5,215.25,204.1,210.85,209.92,14397102
24-08-2018,ADANIENT,210.0,214.5,207.35,208.8,210.58,7819637
27-08-2018,ADANIENT,210.3,213.3,207.3,211.85,210.5,7894492
28-08-2018,ADANIENT,212.65,232.5,209.45,229.7,223.4,36388656
29-08-2018,ADANIENT,231.7,236.65,219.9,223.3,229.32,28860874
30-08-2018,ADANIENT,222.5,231.25,219.8,224.0,226.11,28402633
31-08-2018,ADANIENT,225.0,228.6,222.35,225.25,225.47,14184713
03-09-2018,ADANIENT,226.0,227.4,204.15,210.5,215.59,20062123
04-09-2018,ADANIENT,211.0,216.4,202.0,210.4,210.77,29213333
05-09-2018,ADANIENT,208.2,216.7,205.8,210.95,211.54,35462765
06-09-2018,ADANIENT,150.0,170.65,139.35,163.7,160.38,74817700
07-09-2018,ADANIENT,165.25,169.9,155.7,157.35,162.23,42704819
10-09-2018,ADANIENT,158.0,158.0,149.65,150.75,153.36,20590646
11-09-2018,ADANIENT,151.0,153.7,146.3,148.25,150.07,15083637
12-09-2018,ADANIENT,148.5,150.15,142.75,148.9,146.42,16166704
14-09-2018,ADANIENT,149.75,152.9,148.25,150.6,150.77,8859644
17-09-2018,ADANIENT,150.2,155.65,146.8,152.05,151.01,10925422
18-09-2018,ADANIENT,151.95,154.85,146.3,148.45,150.81,7447741
19-09-2018,ADANIENT,149.4,150.7,145.3,147.35,147.79,5315295
21-09-2018,ADANIENT,148.0,153.5,132.65,138.45,143.1,12829824
24-09-2018,ADANIENT,138.45,139.75,131.15,134.5,134.94,5960439
25-09-2018,ADANIENT,133.5,142.4,125.65,138.35,134.24,8571550
26-09-2018,ADANIENT,140.4,142.5,133.7,136.5,136.71,6768299
27-09-2018,ADANIENT,136.0,143.05,132.7,142.25,138.6,9769528
28-09-2018,ADANIENT,142.65,143.4,125.6,130.6,133.0,11876058
01-10-2018,ADANIENT,127.0,138.6,121.55,137.35,130.72,9826192
03-10-2018,ADANIENT,137.0,141.5,130.05,134.8,137.28,6829117
04-10-2018,ADANIENT,129.4,134.3,127.0,132.95,131.57,7184987
05-10-2018,ADANIENT,131.55,135.75,128.25,130.2,132.43,6099515
08-10-2018,ADANIENT,129.0,134.85,121.35,133.15,128.8,10658358
09-10-2018,ADANIENT,136.0,137.7,129.35,135.9,134.14,7186017
10-10-2018,ADANIENT,136.5,147.85,135.0,143.75,140.2,9209149
11-10-2018,ADANIENT,138.0,143.4,135.15,138.2,139.75,8421556
12-10-2018,ADANIENT,140.1,145.4,140.1,143.85,142.71,6338784
15-10-2018,ADANIENT,147.0,153.75,143.8,152.45,148.76,9011923
16-10-2018,ADANIENT,152.35,160.0,151.75,157.65,156.26,9671300
17-10-2018,ADANIENT,160.1,163.65,154.25,161.75,160.49,11660585
19-10-2018,ADANIENT,158.5,170.7,158.5,168.75,165.86,11861481
22-10-2018,ADANIENT,171.1,176.7,164.4,168.5,172.42,13950566
23-10-2018,ADANIENT,169.0,171.85,166.0,169.55,168.85,8339433
24-10-2018,ADANIENT,171.0,172.25,165.1,167.55,168.38,5451065
25-10-2018,ADANIENT,166.75,174.4,161.5,172.1,166.92,7460591
26-10-2018,ADANIENT,174.0,174.75,165.3,166.75,169.55,6982991
29-10-2018,ADANIENT,168.65,172.6,165.05,171.75,169.52,5332500
30-10-2018,ADANIENT,172.5,174.0,168.1,169.05,170.92,3885243
31-10-2018,ADANIENT,167.0,173.8,164.7,170.0,169.84,10254679
01-11-2018,ADANIENT,171.05,178.1,168.85,175.0,173.6,8041754
02-11-2018,ADANIENT,176.6,179.5,173.8,175.6,176.49,6839045
05-11-2018,ADANIENT,176.1,176.75,155.8,168.5,167.81,12668556
06-11-2018,ADANIENT,168.25,169.0,162.0,164.45,165.22,5834504
07-11-2018,ADANIENT,165.0,169.0,164.7,165.75,166.29,1138303
09-11-2018,ADANIENT,165.5,167.8,163.95,166.3,165.99,4079435
12-11-2018,ADANIENT,166.0,167.9,158.15,160.25,162.64,4332207
13-11-2018,ADANIENT,160.25,163.0,158.75,162.15,161.3,3641712
14-11-2018,ADANIENT,163.3,163.75,158.25,160.85,160.71,3263131
15-11-2018,ADANIENT,161.75,166.25,160.0,162.85,163.35,5297431
16-11-2018,ADANIENT,163.0,163.85,157.5,161.45,160.23,3885301
19-11-2018,ADANIENT,162.4,164.4,159.55,162.1,161.49,3424402
20-11-2018,ADANIENT,161.65,163.65,156.95,160.15,160.42,4293856
21-11-2018,ADANIENT,161.6,162.0,158.5,161.0,160.49,4209404
22-11-2018,ADANIENT,161.9,161.95,157.55,158.5,159.61,2405010
26-11-2018,ADANIENT,158.5,159.9,155.65,157.35,157.52,2428238
27-11-2018,ADANIENT,157.35,161.0,154.25,159.15,158.11,3925863
28-11-2018,ADANIENT,159.15,159.6,156.3,158.0,158.07,3156482
29-11-2018,ADANIENT,159.35,175.55,158.7,169.9,167.95,13648898
30-11-2018,ADANIENT,168.5,174.8,163.5,165.0,169.04,9405499
03-12-2018,ADANIENT,166.05,168.5,163.5,166.7,166.43,3213684
04-12-2018,ADANIENT,165.95,166.5,160.0,162.75,162.82,3797368
05-12-2018,ADANIENT,161.05,164.95,155.75,157.4,161.62,8601249
06-12-2018,ADANIENT,155.8,156.0,149.75,150.55,152.15,5714514
07-12-2018,ADANIENT,151.8,154.35,150.0,152.9,152.41,7411261
10-12-2018,ADANIENT,146.85,147.0,141.0,143.15,143.44,7484723
11-12-2018,ADANIENT,139.0,155.85,134.5,151.9,146.93,9251826
12-12-2018,ADANIENT,152.8,157.0,151.05,156.1,154.5,4377945
13-12-2018,ADANIENT,156.0,158.6,154.0,156.0,156.58,3499313
14-12-2018,ADANIENT,156.0,157.9,154.1,157.1,155.9,3389589
17-12-2018,ADANIENT,157.1,158.9,156.35,157.95,157.6,1595605
18-12-2018,ADANIENT,157.7,159.75,156.2,158.05,158.14,1689582
19-12-2018,ADANIENT,160.0,162.7,158.5,160.2,160.3,2312343
20-12-2018,ADANIENT,159.4,162.5,158.4,159.25,160.12,2539589
21-12-2018,ADANIENT,159.8,161.5,152.0,159.35,156.51,5335334
24-12-2018,ADANIENT,159.4,160.9,156.5,158.55,158.73,3130614
26-12-2018,ADANIENT,156.85,164.1,155.1,161.25,158.83,4065516
27-12-2018,ADANIENT,162.25,167.8,159.85,162.35,164.05,10882426
28-12-2018,ADANIENT,161.95,164.3,159.8,161.55,161.95,3905985
31-12-2018,ADANIENT,162.85,164.2,160.2,161.0,161.48,3890636
01-01-2019,ADANIENT,160.9,162.35,155.45,157.25,158.02,4726656
02-01-2019,ADANIENT,157.0,157.85,152.5,154.85,155.46,2735262
03-01-2019,ADANIENT,154.9,156.1,150.3,152.5,153.22,2758876
04-01-2019,ADANIENT,152.1,154.0,150.0,152.55,151.94,2777308
07-01-2019,ADANIENT,152.9,154.45,150.25,151.25,152.09,2714218
08-01-2019,ADANIENT,150.5,154.3,149.65,153.45,151.93,2791866
09-01-2019,ADANIENT,153.6,154.45,147.6,149.35,149.69,4054809
10-01-2019,ADANIENT,151.0,151.8,148.5,151.1,150.34,3534546
11-01-2019,ADANIENT,151.1,152.6,149.1,151.5,150.79,2254999
14-01-2019,ADANIENT,151.0,151.15,147.0,148.35,148.28,2624582
15-01-2019,ADANIENT,148.5,149.95,147.25,148.65,148.63,1805678
16-01-2019,ADANIENT,148.2,150.7,148.0,148.45,148.87,1574176
17-01-2019,ADANIENT,148.4,151.25,146.35,149.0,148.99,2618859
18-01-2019,ADANIENT,149.7,149.8,144.55,146.75,147.01,2306520
21-01-2019,ADANIENT,146.5,148.0,144.25,145.95,146.0,1763205
22-01-2019,ADANIENT,145.4,146.65,141.7,145.7,144.39,2261667
23-01-2019,ADANIENT,145.5,146.5,142.05,143.0,143.88,2322990
24-01-2019,ADANIENT,143.0,144.05,141.1,142.55,142.44,1678843
25-01-2019,ADANIENT,142.85,145.45,136.15,137.35,140.96,3297651
28-01-2019,ADANIENT,138.0,141.0,118.95,136.4,133.62,9404485
29-01-2019,ADANIENT,136.45,143.8,133.6,140.8,138.55,4301493
30-01-2019,ADANIENT,140.9,141.5,136.5,139.9,138.76,3102926
31-01-2019,ADANIENT,139.5,141.75,135.0,137.15,137.9,3498642
01-02-2019,ADANIENT,136.95,144.8,134.55,143.0,140.8,7091209
04-02-2019,ADANIENT,142.9,142.9,121.3,123.1,127.65,9832462
05-02-2019,ADANIENT,122.0,127.4,119.6,124.25,124.08,8484607
06-02-2019,ADANIENT,123.85,124.2,114.8,122.9,120.21,9905219
07-02-2019,ADANIENT,122.2,126.8,119.05,123.95,123.26,9826247
08-02-2019,ADANIENT,123.0,125.45,115.7,123.75,121.91,8059813
11-02-2019,ADANIENT,122.95,123.25,115.8,118.2,118.81,7048335
12-02-2019,ADANIENT,117.2,120.0,115.35,116.95,117.58,3698931
13-02-2019,ADANIENT,117.0,125.6,115.5,119.55,120.92,9784596
14-02-2019,ADANIENT,118.45,119.5,116.0,118.1,117.5,4962697
15-02-2019,ADANIENT,118.15,121.15,116.5,119.8,118.96,4509378
18-02-2019,ADANIENT,118.3,119.9,116.1,117.5,118.02,2569451
19-02-2019,ADANIENT,118.4,119.8,116.8,118.25,118.27,2644152
20-02-2019,ADANIENT,117.95,121.1,116.2,120.05,119.6,3739081
21-02-2019,ADANIENT,119.8,121.0,117.9,119.4,119.54,2698192
22-02-2019,ADANIENT,120.25,130.7,119.8,128.05,125.81,14695085
25-02-2019,ADANIENT,125.0,133.9,123.0,132.0,129.6,12769956
26-02-2019,ADANIENT,130.0,134.3,128.0,132.1,131.44,8879092
27-02-2019,ADANIENT,133.8,136.3,129.55,132.25,133.27,5875292
28-02-2019,ADANIENT,133.5,134.2,128.0,128.85,131.28,3960957
01-03-2019,ADANIENT,130.35,135.2,128.85,133.85,132.7,7738116
05-03-2019,ADANIENT,132.5,143.7,132.0,141.8,139.24,7598974
06-03-2019,ADANIENT,142.75,143.75,138.2,139.25,140.48,4856085
07-03-2019,ADANIENT,139.0,140.95,135.3,136.9,138.23,3496617
08-03-2019,ADANIENT,135.75,139.35,135.4,138.2,137.54,3681442
11-03-2019,ADANIENT,137.85,140.95,137.6,139.05,139.49,2550759
12-03-2019,ADANIENT,140.5,150.75,140.05,148.4,146.61,12543653
13-03-2019,ADANIENT,148.4,150.4,145.4,147.35,147.57,5700158
14-03-2019,ADANIENT,147.4,149.2,143.6,145.55,145.77,4052596
15-03-2019,ADANIENT,145.8,148.9,140.25,141.85,144.34,5981701
18-03-2019,ADANIENT,142.4,145.0,140.35,143.9,142.61,4934286
19-03-2019,ADANIENT,144.45,144.85,140.5,142.0,142.52,4320808
20-03-2019,ADANIENT,142.0,142.7,138.05,139.45,140.39,3242462
22-03-2019,ADANIENT,140.7,141.45,137.05,138.25,139.06,3147147
25-03-2019,ADANIENT,137.0,137.6,133.5,134.35,135.39,2977535
26-03-2019,ADANIENT,134.9,140.0,133.4,138.3,137.92,4180951
27-03-2019,ADANIENT,138.55,140.95,136.25,137.5,138.52,2778662
28-03-2019,ADANIENT,138.45,143.15,136.3,137.8,139.87,3966292
29-03-2019,ADANIENT,139.6,150.2,139.3,146.75,146.59,13910654
01-04-2019,ADANIENT,147.45,153.2,145.1,151.45,149.4,7938713
02-04-2019,ADANIENT,151.7,153.3,148.35,151.65,151.27,6228254
03-04-2019,ADANIENT,150.3,152.65,146.6,147.55,149.96,3416023
04-04-2019,ADANIENT,147.95,150.3,145.45,147.5,147.95,3963980
05-04-2019,ADANIENT,148.0,149.2,146.2,146.9,147.41,2004719
08-04-2019,ADANIENT,147.5,148.65,141.1,141.95,144.0,4399839
09-04-2019,ADANIENT,142.3,147.0,137.45,146.0,142.8,8432342
10-04-2019,ADANIENT,145.75,147.4,142.05,142.85,144.02,4356153
11-04-2019,ADANIENT,142.75,143.15,138.6,141.0,140.95,3535449
12-04-2019,ADANIENT,140.8,144.45,139.2,141.4,141.56,5769634
15-04-2019,ADANIENT,141.0,145.15,140.55,142.95,142.82,4375074
16-04-2019,ADANIENT,142.2,145.35,142.2,143.05,143.76,3648947
18-04-2019,ADANIENT,143.1,144.45,137.65,138.6,139.71,3954004
22-04-2019,ADANIENT,138.0,138.65,134.35,135.15,136.59,3189574
23-04-2019,ADANIENT,135.4,136.3,131.55,132.5,133.88,4084835
24-04-2019,ADANIENT,132.75,137.1,132.1,136.15,134.67,4329268
25-04-2019,ADANIENT,135.1,137.0,133.85,134.75,135.39,2112063
26-04-2019,ADANIENT,135.0,135.65,130.25,131.4,132.06,4350584
30-04-2019,ADANIENT,131.8,131.8,125.0,127.05,127.2,4006829
02-05-2019,ADANIENT,126.0,130.0,124.8,126.65,127.15,3754433
03-05-2019,ADANIENT,124.0,129.0,123.0,128.3,126.72,6222801
06-05-2019,ADANIENT,125.75,127.4,125.05,125.6,126.14,1996014
07-05-2019,ADANIENT,126.4,127.0,120.05,122.35,124.37,4593214
08-05-2019,ADANIENT,121.8,123.65,120.4,120.9,121.89,2661345
09-05-2019,ADANIENT,121.9,122.2,119.15,120.1,120.39,2907774
10-05-2019,ADANIENT,121.0,122.3,119.25,120.0,120.73,2835247
13-05-2019,ADANIENT,120.7,120.9,116.65,117.6,118.87,2124122
14-05-2019,ADANIENT,116.35,124.55,115.0,123.35,120.49,4548264
15-05-2019,ADANIENT,124.2,124.95,116.1,117.4,119.3,3659017
16-05-2019,ADANIENT,118.1,119.5,113.0,118.8,117.12,5368281
17-05-2019,ADANIENT,117.75,120.55,116.1,119.3,118.53,4631007
20-05-2019,ADANIENT,131.2,154.9,128.1,151.95,142.46,37670288
21-05-2019,ADANIENT,154.7,158.95,148.45,154.65,153.75,39732349
22-05-2019,ADANIENT,155.05,158.8,152.8,157.95,156.34,13565092
23-05-2019,ADANIENT,169.5,180.8,157.7,161.05,169.74,61334483
24-05-2019,ADANIENT,162.35,163.75,151.85,156.4,155.82,19435041
27-05-2019,ADANIENT,159.1,160.7,155.15,157.2,157.71,9664810
28-05-2019,ADANIENT,157.1,160.35,156.05,157.65,157.83,5456461
29-05-2019,ADANIENT,157.95,158.4,151.75,155.15,154.95,12993604
30-05-2019,ADANIENT,158.1,159.4,155.1,158.1,157.18,6740283
31-05-2019,ADANIENT,158.5,159.3,149.1,154.75,154.37,7553254
03-06-2019,ADANIENT,154.0,161.9,151.65,159.05,157.21,7975636
04-06-2019,ADANIENT,158.15,159.3,154.5,157.6,156.96,5502910
06-06-2019,ADANIENT,156.9,157.8,151.2,153.15,153.9,3832155
07-06-2019,ADANIENT,152.95,153.55,146.8,151.35,150.09,5016442
10-06-2019,ADANIENT,152.0,155.5,147.0,149.95,150.98,3967379
11-06-2019,ADANIENT,149.5,154.25,148.35,153.6,151.7,3413094
12-06-2019,ADANIENT,154.0,159.35,150.55,153.2,155.15,7477081
13-06-2019,ADANIENT,153.2,158.85,149.0,153.1,153.24,7968656
14-06-2019,ADANIENT,156.0,156.0,151.55,152.45,153.78,6589668
17-06-2019,ADANIENT,153.0,153.95,147.25,147.9,149.34,3470303
18-06-2019,ADANIENT,147.35,148.85,144.0,147.95,146.68,5764444
19-06-2019,ADANIENT,148.45,149.75,140.6,142.8,144.83,4744374
20-06-2019,ADANIENT,142.3,149.7,140.35,148.45,145.66,4477064
21-06-2019,ADANIENT,147.0,152.0,145.95,146.8,148.53,4673136
24-06-2019,ADANIENT,145.9,148.8,144.6,147.75,147.09,3240654
25-06-2019,ADANIENT,146.5,151.95,144.85,150.85,148.36,4920288
26-06-2019,ADANIENT,150.0,155.3,148.5,153.8,151.77,4779891
27-06-2019,ADANIENT,152.3,154.95,151.5,152.85,153.37,2858423
28-06-2019,ADANIENT,152.5,156.3,149.8,150.5,153.21,4642404
01-07-2019,ADANIENT,150.65,155.6,148.05,154.1,152.49,6182608
02-07-2019,ADANIENT,154.9,158.2,151.4,154.7,154.71,11741576
03-07-2019,ADANIENT,156.4,157.6,154.2,155.6,155.67,5661251
04-07-2019,ADANIENT,160.1,161.8,154.3,156.1,158.3,15687573
05-07-2019,ADANIENT,156.3,156.85,145.85,147.3,151.21,6607087
08-07-2019,ADANIENT,143.25,146.25,137.55,138.9,141.66,5896584
09-07-2019,ADANIENT,138.05,143.2,135.75,141.15,139.82,7317997
10-07-2019,ADANIENT,142.0,142.5,137.25,139.35,139.44,5548654
11-07-2019,ADANIENT,140.5,141.85,137.5,141.0,139.93,5098558
12-07-2019,ADANIENT,141.0,143.45,137.8,140.3,140.39,6678610
15-07-2019,ADANIENT,141.0,141.7,136.1,137.95,138.16,4491271
16-07-2019,ADANIENT,137.9,140.95,136.6,140.15,139.03,4954078
17-07-2019,ADANIENT,140.2,141.0,137.0,138.05,138.73,3984405
18-07-2019,ADANIENT,137.7,137.95,133.35,134.2,135.42,4247055
19-07-2019,ADANIENT,134.25,135.2,130.3,131.4,131.92,4256095
22-07-2019,ADANIENT,130.75,134.2,128.7,131.65,131.57,5467444
23-07-2019,ADANIENT,131.45,135.95,130.75,134.05,133.73,5753483
24-07-2019,ADANIENT,133.45,134.0,127.85,129.8,130.04,5403438
25-07-2019,ADANIENT,130.5,131.3,127.75,129.4,129.51,3977652
26-07-2019,ADANIENT,129.4,134.2,128.4,131.85,131.9,3632048
29-07-2019,ADANIENT,131.0,131.85,127.1,129.45,129.01,4349871
30-07-2019,ADANIENT,128.0,131.0,123.85,125.35,127.24,4167043
31-07-2019,ADANIENT,125.0,129.3,124.2,128.8,127.32,3665392
01-08-2019,ADANIENT,128.6,129.1,123.0,125.45,125.38,4462938
02-08-2019,ADANIENT,124.9,129.75,123.3,128.1,127.07,4637509
05-08-2019,ADANIENT,126.2,126.4,121.15,124.7,123.65,5259236
06-08-2019,ADANIENT,124.0,129.45,124.0,128.2,127.08,3899290
07-08-2019,ADANIENT,128.2,130.15,124.6,125.6,127.2,3911797
08-08-2019,ADANIENT,126.2,134.0,124.05,130.9,128.54,7070036
09-08-2019,ADANIENT,134.7,135.9,130.1,132.4,132.67,8589075
13-08-2019,ADANIENT,133.0,133.9,128.6,130.3,131.44,4226112
14-08-2019,ADANIENT,130.9,132.45,127.35,130.65,130.47,4761139
16-08-2019,ADANIENT,130.0,133.95,128.15,132.85,131.5,4087073
19-08-2019,ADANIENT,132.8,136.95,132.3,135.5,134.44,4261741
20-08-2019,ADANIENT,135.7,136.8,132.05,135.65,134.61,4515865
21-08-2019,ADANIENT,134.0,135.3,130.25,131.9,132.92,3426518
22-08-2019,ADANIENT,130.95,131.3,126.1,126.9,128.76,3358838
23-08-2019,ADANIENT,123.4,132.2,122.9,131.3,128.91,4374006
26-08-2019,ADANIENT,132.1,135.95,128.3,135.2,133.17,5507570
27-08-2019,ADANIENT,134.75,138.2,133.9,137.15,136.24,4495705
28-08-2019,ADANIENT,136.2,137.1,132.15,135.95,134.84,5312871
29-08-2019,ADANIENT,138.0,138.0,130.35,132.35,133.54,6108447
30-08-2019,ADANIENT,132.4,138.3,132.15,137.35,136.02,7806183
03-09-2019,ADANIENT,135.6,136.9,133.0,135.25,135.55,3477541
04-09-2019,ADANIENT,134.6,135.5,130.6,134.95,133.27,4313711
05-09-2019,ADANIENT,135.0,138.65,133.35,135.75,135.8,6840367
06-09-2019,ADANIENT,135.4,138.45,135.05,137.75,136.8,3744649
09-09-2019,ADANIENT,137.8,141.75,136.35,140.9,139.76,4349296
11-09-2019,ADANIENT,140.05,144.9,140.05,143.95,142.96,4245005
12-09-2019,ADANIENT,144.85,146.3,142.05,143.05,143.75,3500479
13-09-2019,ADANIENT,143.0,146.9,140.55,145.75,143.92,3561056
16-09-2019,ADANIENT,144.0,147.2,143.15,145.95,145.57,3713796
17-09-2019,ADANIENT,145.5,147.9,142.4,143.75,145.18,4167662
18-09-2019,ADANIENT,144.0,146.0,142.1,144.15,144.15,3465608
19-09-2019,ADANIENT,143.95,144.9,140.5,142.55,142.45,2662885
20-09-2019,ADANIENT,143.0,152.1,141.3,149.1,148.12,7545363
23-09-2019,ADANIENT,154.0,154.0,147.55,152.4,150.91,4136992
24-09-2019,ADANIENT,151.25,153.0,145.4,148.05,148.99,4576924
25-09-2019,ADANIENT,149.7,151.0,145.5,147.55,148.45,4572108
26-09-2019,ADANIENT,148.45,155.4,146.65,152.7,152.2,7013490
27-09-2019,ADANIENT,152.7,152.7,147.2,149.45,149.61,4016921
30-09-2019,ADANIENT,149.1,149.75,143.75,145.85,145.91,3528313
01-10-2019,ADANIENT,146.1,147.7,140.5,143.65,144.37,3732047
03-10-2019,ADANIENT,143.0,145.0,141.4,143.55,143.2,2070232
04-10-2019,ADANIENT,143.95,144.5,137.55,140.0,142.0,2382805
07-10-2019,ADANIENT,138.45,140.0,135.25,135.8,137.22,2701943
09-10-2019,ADANIENT,134.95,139.65,134.1,139.0,136.82,2682715
10-10-2019,ADANIENT,138.0,139.1,135.3,137.4,137.04,2413888
11-10-2019,ADANIENT,137.45,138.8,134.6,136.95,136.6,2780875
14-10-2019,ADANIENT,137.9,152.4,137.0,147.1,146.09,10795909
15-10-2019,ADANIENT,147.7,155.85,146.6,155.0,152.42,11048872
16-10-2019,ADANIENT,155.0,160.9,155.0,160.15,158.27,9587304
17-10-2019,ADANIENT,159.8,165.0,157.65,162.55,161.14,6523046
18-10-2019,ADANIENT,174.9,175.8,165.1,175.1,171.54,14162661
22-10-2019,ADANIENT,174.5,180.0,173.4,178.65,177.84,7909839
23-10-2019,ADANIENT,178.75,178.75,172.4,176.45,175.63,4743985
24-10-2019,ADANIENT,175.0,180.0,174.3,179.0,177.27,4753708
25-10-2019,ADANIENT,179.5,183.7,177.2,181.3,181.1,7857185
27-10-2019,ADANIENT,182.9,184.25,182.0,183.4,183.15,1003414
29-10-2019,ADANIENT,182.8,197.0,182.35,195.55,191.58,9534790
30-10-2019,ADANIENT,194.35,197.45,192.3,195.75,195.0,4791525
31-10-2019,ADANIENT,196.7,201.3,196.0,199.65,198.79,6584768
01-11-2019,ADANIENT,199.0,202.4,196.2,200.45,199.4,3522957
04-11-2019,ADANIENT,200.95,203.9,198.25,200.9,201.05,3965499
05-11-2019,ADANIENT,200.0,201.5,197.7,200.55,199.69,2326138
06-11-2019,ADANIENT,199.0,209.7,198.6,207.55,205.94,6220311
07-11-2019,ADANIENT,207.9,210.4,205.5,209.15,208.35,3959490
08-11-2019,ADANIENT,208.7,212.0,206.2,208.05,209.64,4057743
11-11-2019,ADANIENT,206.95,212.25,206.05,210.85,209.85,2907157
13-11-2019,ADANIENT,209.0,210.75,194.3,198.2,199.61,9836594
14-11-2019,ADANIENT,196.25,203.15,194.05,202.3,200.54,4141184
15-11-2019,ADANIENT,202.0,205.0,200.8,203.6,203.43,3314555
18-11-2019,ADANIENT,203.8,205.6,200.1,201.15,203.22,2041767
19-11-2019,ADANIENT,202.0,202.6,196.25,199.7,199.77,2954848
20-11-2019,ADANIENT,198.5,207.45,198.1,205.7,203.66,3488019
21-11-2019,ADANIENT,206.9,209.0,201.95,205.5,206.17,4409698
22-11-2019,ADANIENT,204.75,206.3,200.1,203.45,203.24,2545651
25-11-2019,ADANIENT,201.9,216.25,201.6,215.2,211.2,6805228
26-11-2019,ADANIENT,214.75,217.7,207.15,210.6,211.75,5247790
27-11-2019,ADANIENT,209.9,215.2,208.5,213.55,212.69,4051404
28-11-2019,ADANIENT,212.8,216.2,210.5,213.1,213.89,4234343
29-11-2019,ADANIENT,212.4,221.5,211.7,214.9,217.45,7969827
02-12-2019,ADANIENT,212.0,213.7,206.05,209.0,209.63,3169460
03-12-2019,ADANIENT,208.0,209.95,203.55,207.85,206.76,2382612
04-12-2019,ADANIENT,205.8,213.5,205.3,212.45,210.11,2917279
05-12-2019,ADANIENT,213.0,213.7,207.35,208.4,209.56,2309030
06-12-2019,ADANIENT,208.45,210.05,205.05,206.5,207.34,1958477
09-12-2019,ADANIENT,205.9,209.7,202.4,207.45,206.88,2550809
10-12-2019,ADANIENT,207.45,208.2,203.3,204.2,205.43,2139886
11-12-2019,ADANIENT,203.1,207.8,202.65,206.15,205.36,2155584
12-12-2019,ADANIENT,206.9,212.35,206.6,210.4,209.43,2958155
13-12-2019,ADANIENT,210.5,213.25,208.5,212.2,211.42,2867800
16-12-2019,ADANIENT,212.1,213.25,209.4,210.5,211.11,2184582
17-12-2019,ADANIENT,210.5,213.2,210.0,211.2,211.29,1968218
18-12-2019,ADANIENT,211.8,212.45,205.6,208.15,208.15,2542320
19-12-2019,ADANIENT,207.65,211.0,206.75,210.55,209.58,2180662
20-12-2019,ADANIENT,210.0,220.8,209.5,218.8,217.04,6997898
23-12-2019,ADANIENT,217.75,220.8,212.4,214.55,216.54,3709426
24-12-2019,ADANIENT,214.55,216.95,207.6,209.15,212.21,2984621
26-12-2019,ADANIENT,208.95,211.1,205.6,208.95,208.15,3299177
27-12-2019,ADANIENT,209.05,211.2,207.1,209.1,209.33,2240503
30-12-2019,ADANIENT,209.9,211.6,208.0,208.65,209.53,1938731
31-12-2019,ADANIENT,208.7,210.75,207.65,208.35,208.95,1600059
01-01-2020,ADANIENT,209.0,210.45,206.65,207.85,208.21,1553127
02-01-2020,ADANIENT,208.0,213.2,207.5,211.2,210.76,2991937
03-01-2020,ADANIENT,210.25,212.35,205.8,208.3,208.83,2512421
06-01-2020,ADANIENT,207.75,207.75,197.75,199.55,200.83,4353179
07-01-2020,ADANIENT,200.55,205.7,200.55,204.05,203.44,2966120
08-01-2020,ADANIENT,201.0,203.55,194.55,201.5,199.39,5762654
09-01-2020,ADANIENT,201.9,208.9,201.9,208.0,205.9,3496063
10-01-2020,ADANIENT,208.0,213.0,205.9,209.1,208.64,2769132
13-01-2020,ADANIENT,210.65,216.25,209.6,213.6,213.6,3527267
14-01-2020,ADANIENT,213.45,215.5,211.85,214.35,213.78,1775182
15-01-2020,ADANIENT,214.5,218.0,212.5,216.6,215.4,1982079
16-01-2020,ADANIENT,217.7,222.5,217.0,220.0,220.12,4280379
17-01-2020,ADANIENT,216.0,229.25,213.7,228.4,222.44,10810744
20-01-2020,ADANIENT,229.55,232.25,224.15,226.55,227.45,4546367
21-01-2020,ADANIENT,224.35,227.0,220.5,224.25,224.05,2813526
22-01-2020,ADANIENT,224.8,228.0,221.15,225.9,225.51,2939366
23-01-2020,ADANIENT,226.0,231.2,225.75,229.6,229.03,2650092
24-01-2020,ADANIENT,225.5,232.4,219.0,229.75,226.83,7154795
27-01-2020,ADANIENT,229.5,236.45,226.05,230.55,233.17,5293975
28-01-2020,ADANIENT,232.25,234.5,229.1,229.9,231.75,2161711
29-01-2020,ADANIENT,231.7,238.35,231.0,232.3,234.67,3738186
30-01-2020,ADANIENT,232.3,232.75,228.2,231.5,230.56,2192123
31-01-2020,ADANIENT,231.0,234.55,227.15,229.45,231.44,2720308
01-02-2020,ADANIENT,228.0,233.65,220.8,222.8,227.05,3046388
03-02-2020,ADANIENT,221.7,224.65,215.6,220.9,220.83,2720614
04-02-2020,ADANIENT,222.65,227.15,222.05,225.45,225.19,2028088
05-02-2020,ADANIENT,226.75,239.3,222.55,236.25,231.26,8985919
06-02-2020,ADANIENT,237.4,243.6,234.1,236.5,239.0,8852675
07-02-2020,ADANIENT,236.4,242.15,235.25,239.5,239.54,5052443
10-02-2020,ADANIENT,239.5,245.15,237.55,244.5,242.4,5588211
11-02-2020,ADANIENT,245.2,248.6,243.65,245.3,246.34,3533751
12-02-2020,ADANIENT,245.9,251.4,245.0,249.7,249.3,4490312
13-02-2020,ADANIENT,249.8,252.75,248.25,251.45,250.81,2563148
14-02-2020,ADANIENT,252.5,258.6,251.55,256.15,256.0,4968325
17-02-2020,ADANIENT,256.9,257.4,251.65,252.5,254.82,2411524
18-02-2020,ADANIENT,251.65,251.65,245.25,249.45,248.3,2430446
19-02-2020,ADANIENT,250.0,255.5,249.9,254.0,253.23,2101729
20-02-2020,ADANIENT,253.2,261.0,252.65,258.65,257.39,3108173
24-02-2020,ADANIENT,254.8,255.85,244.1,247.25,250.29,3309214
25-02-2020,ADANIENT,249.8,251.75,242.4,246.45,247.2,3309962
26-02-2020,ADANIENT,244.0,246.3,241.0,242.8,244.05,2897390
27-02-2020,ADANIENT,241.45,241.45,232.05,234.15,236.73,3568055
28-02-2020,ADANIENT,221.0,226.8,217.0,218.65,221.29,3364181
02-03-2020,ADANIENT,223.0,226.7,216.15,218.6,222.15,3162614
03-03-2020,ADANIENT,221.0,228.65,219.25,225.75,223.7,2992170
04-03-2020,ADANIENT,226.1,227.0,213.55,221.1,219.77,5216787
05-03-2020,ADANIENT,223.75,226.85,219.35,221.75,223.25,3159080
06-03-2020,ADANIENT,215.1,216.75,207.5,214.75,212.6,4375226
09-03-2020,ADANIENT,207.0,208.5,197.25,199.7,203.37,2763989
11-03-2020,ADANIENT,197.4,205.0,192.25,195.75,199.33,3763191
12-03-2020,ADANIENT,180.1,183.9,160.45,162.15,171.55,4834390
13-03-2020,ADANIENT,145.95,161.35,129.75,148.75,150.25,7463676
16-03-2020,ADANIENT,141.0,142.3,128.65,134.7,137.39,6582849
17-03-2020,ADANIENT,135.7,142.55,130.5,133.4,135.07,6388062
18-03-2020,ADANIENT,135.9,137.0,127.1,130.2,131.38,4255688
19-03-2020,ADANIENT,121.0,132.95,118.2,128.9,125.84,5517080
20-03-2020,ADANIENT,138.0,141.6,128.7,137.7,135.52,4496401
23-03-2020,ADANIENT,123.05,135.0,118.2,120.9,126.54,1456143
24-03-2020,ADANIENT,125.0,132.95,116.4,130.35,125.63,5125923
25-03-2020,ADANIENT,126.0,134.9,125.0,132.3,129.7,2771318
26-03-2020,ADANIENT,135.0,152.0,132.05,140.25,142.42,7980255
27-03-2020,ADANIENT,146.0,151.0,126.25,128.0,137.72,4378366
30-03-2020,ADANIENT,124.0,129.8,121.0,128.7,127.22,2397602
31-03-2020,ADANIENT,131.7,138.45,129.45,137.6,134.29,2200227
01-04-2020,ADANIENT,138.95,138.95,131.8,133.95,134.86,1997608
03-04-2020,ADANIENT,134.0,134.6,128.0,129.05,129.68,1761947
07-04-2020,ADANIENT,131.0,141.5,131.0,138.15,136.09,2463525
08-04-2020,ADANIENT,136.85,147.15,134.9,138.1,141.01,3237290
09-04-2020,ADANIENT,140.0,146.25,140.0,142.45,142.9,2359528
13-04-2020,ADANIENT,142.0,149.0,136.55,146.0,142.33,2204560
15-04-2020,ADANIENT,148.05,150.95,143.2,145.25,147.1,3413518
16-04-2020,ADANIENT,142.0,144.85,140.55,143.3,142.35,2685695
17-04-2020,ADANIENT,146.95,148.55,141.55,143.9,144.54,2384033
20-04-2020,ADANIENT,146.0,155.45,142.6,146.7,150.36,6835268
21-04-2020,ADANIENT,143.0,143.0,134.15,135.95,136.89,3576178
22-04-2020,ADANIENT,136.0,138.8,132.1,137.6,134.92,6012163
23-04-2020,ADANIENT,140.5,142.5,137.5,140.5,140.85,3371275
24-04-2020,ADANIENT,137.15,140.55,134.1,134.65,137.45,1823167
27-04-2020,ADANIENT,136.4,138.35,134.1,134.6,135.9,2996933
28-04-2020,ADANIENT,135.95,141.9,135.05,139.3,139.89,5721209
29-04-2020,ADANIENT,140.0,140.7,135.65,139.5,137.55,4774365
30-04-2020,ADANIENT,141.45,147.45,140.3,141.4,143.48,4900322
04-05-2020,ADANIENT,136.9,137.5,130.0,131.55,132.5,6013356
05-05-2020,ADANIENT,135.0,136.35,131.8,132.7,134.29,3112486
06-05-2020,ADANIENT,133.65,135.4,127.3,133.25,131.52,6688490
07-05-2020,ADANIENT,131.1,135.65,130.0,134.9,134.29,2423478
08-05-2020,ADANIENT,136.9,139.35,136.2,137.15,137.55,2431475
11-05-2020,ADANIENT,137.85,143.3,137.5,140.05,141.12,2900722
12-05-2020,ADANIENT,138.5,140.7,133.2,139.9,137.46,2901951
13-05-2020,ADANIENT,145.0,145.0,140.75,141.15,142.15,3115040
14-05-2020,ADANIENT,139.55,142.35,137.4,140.9,140.26,1587450
15-05-2020,ADANIENT,141.4,143.7,140.0,141.05,141.89,2145698
18-05-2020,ADANIENT,144.8,146.4,134.35,135.9,141.11,4941536
19-05-2020,ADANIENT,137.8,145.9,134.45,139.7,140.55,5564396
20-05-2020,ADANIENT,139.5,143.2,138.0,141.35,140.98,2872608
21-05-2020,ADANIENT,142.2,144.0,137.05,138.3,140.2,2682563
22-05-2020,ADANIENT,138.0,141.2,136.6,138.1,138.49,2449109
26-05-2020,ADANIENT,139.0,143.3,138.35,139.5,140.77,2657870
27-05-2020,ADANIENT,139.75,141.6,138.5,141.0,140.32,2224751
28-05-2020,ADANIENT,141.7,144.4,140.6,142.65,142.6,2816729
29-05-2020,ADANIENT,141.1,153.6,141.1,148.35,149.04,9162612
01-06-2020,ADANIENT,150.0,154.9,149.5,150.5,152.21,3985103
02-06-2020,ADANIENT,151.0,152.6,148.25,149.95,150.47,2482873
03-06-2020,ADANIENT,151.75,157.9,149.6,150.65,154.88,5875945
04-06-2020,ADANIENT,150.5,153.9,146.15,148.0,149.57,3146640
05-06-2020,ADANIENT,148.9,155.0,148.45,152.45,152.41,4111098
08-06-2020,ADANIENT,155.6,158.5,150.65,152.65,155.18,4900204
09-06-2020,ADANIENT,154.2,156.7,151.05,151.9,153.76,3005662
10-06-2020,ADANIENT,152.75,154.75,150.25,151.85,152.62,4135128
11-06-2020,ADANIENT,151.85,165.45,150.25,151.8,158.29,16533100
12-06-2020,ADANIENT,144.0,153.3,141.0,152.3,148.02,4817495
15-06-2020,ADANIENT,151.8,156.85,148.25,149.25,152.2,3214996
16-06-2020,ADANIENT,153.5,154.0,142.75,146.2,148.63,2640412
17-06-2020,ADANIENT,145.0,148.45,143.45,147.15,146.81,1252826
18-06-2020,ADANIENT,146.7,149.45,146.0,147.85,147.86,2037815
19-06-2020,ADANIENT,149.6,154.4,148.9,152.7,151.81,5245929
22-06-2020,ADANIENT,154.5,156.2,153.6,154.65,155.1,4663344
23-06-2020,ADANIENT,157.0,161.8,155.55,157.2,158.27,4790124
24-06-2020,ADANIENT,159.1,163.0,153.5,154.8,158.6,4078243
25-06-2020,ADANIENT,153.25,169.2,153.0,161.65,163.44,14628400
26-06-2020,ADANIENT,164.0,166.35,161.3,162.15,163.29,6774409
29-06-2020,ADANIENT,161.4,163.55,156.75,159.75,159.67,2937549
30-06-2020,ADANIENT,161.4,164.15,155.25,156.25,159.47,3827270
01-07-2020,ADANIENT,157.15,159.0,156.05,157.65,157.51,1681231
02-07-2020,ADANIENT,159.8,160.95,156.15,158.2,158.39,2152710
03-07-2020,ADANIENT,160.0,163.85,157.4,160.0,161.43,4481658
06-07-2020,ADANIENT,161.95,165.2,160.5,164.2,163.65,3515715
07-07-2020,ADANIENT,164.5,170.65,163.3,168.15,167.37,8172263
08-07-2020,ADANIENT,168.0,169.5,161.4,163.0,166.29,3650215
09-07-2020,ADANIENT,163.0,165.1,161.45,162.75,162.95,1711099
10-07-2020,ADANIENT,161.5,163.4,158.5,159.7,160.07,1950862
13-07-2020,ADANIENT,161.45,162.45,154.35,156.05,157.43,2586181
14-07-2020,ADANIENT,155.9,156.25,149.0,149.75,151.56,2352037
15-07-2020,ADANIENT,150.1,153.85,147.0,147.75,151.02,2180515
16-07-2020,ADANIENT,148.1,150.0,145.2,148.9,147.75,1473784
17-07-2020,ADANIENT,149.75,153.9,149.0,151.6,151.73,2222846
20-07-2020,ADANIENT,153.15,161.9,152.1,160.7,158.04,6330153
21-07-2020,ADANIENT,161.45,168.1,159.1,167.3,163.58,6517623
22-07-2020,ADANIENT,167.0,172.0,162.0,169.4,168.29,4611051
23-07-2020,ADANIENT,168.35,170.7,165.4,169.95,168.9,2199271
24-07-2020,ADANIENT,167.4,169.75,163.65,168.75,167.36,1801380
27-07-2020,ADANIENT,168.65,169.05,163.0,165.95,165.47,1156539
28-07-2020,ADANIENT,166.3,174.9,163.8,173.55,171.0,4829254
29-07-2020,ADANIENT,174.0,190.85,172.05,179.1,183.41,15392611
30-07-2020,ADANIENT,179.2,181.35,173.25,175.05,176.89,3403350
31-07-2020,ADANIENT,174.0,178.65,172.1,175.25,175.6,2644458
03-08-2020,ADANIENT,175.25,178.7,171.2,172.25,175.73,2789132
04-08-2020,ADANIENT,174.0,184.0,172.2,182.1,177.82,4209093
05-08-2020,ADANIENT,183.0,184.8,178.5,179.6,182.01,4042372
06-08-2020,ADANIENT,180.1,188.0,177.5,185.95,183.35,6447346
07-08-2020,ADANIENT,181.05,195.0,180.1,192.9,189.4,9386326
10-08-2020,ADANIENT,192.9,198.3,192.35,195.7,195.48,4627829
11-08-2020,ADANIENT,196.0,199.8,194.4,195.85,196.87,2965963
12-08-2020,ADANIENT,195.8,200.75,190.2,197.7,197.01,3352637
13-08-2020,ADANIENT,198.9,203.3,197.75,200.75,200.66,3552469
14-08-2020,ADANIENT,202.4,204.5,191.45,196.2,200.61,6617104
17-08-2020,ADANIENT,197.4,201.65,196.05,197.8,198.87,3227005
18-08-2020,ADANIENT,200.0,216.8,199.0,213.7,210.45,13368091
19-08-2020,ADANIENT,214.25,245.4,214.25,239.55,231.4,19592087
20-08-2020,ADANIENT,241.2,245.0,230.4,234.0,238.12,9484513
21-08-2020,ADANIENT,237.1,244.5,231.1,233.35,237.64,5797329
24-08-2020,ADANIENT,236.0,253.85,235.0,248.7,244.69,11879433
25-08-2020,ADANIENT,252.0,322.4,250.0,307.55,287.26,49264767
26-08-2020,ADANIENT,299.0,302.8,278.25,285.55,290.08,26720036
27-08-2020,ADANIENT,284.9,297.7,283.7,286.7,291.02,15749472
28-08-2020,ADANIENT,289.0,295.65,286.5,288.25,290.5,7256286
31-08-2020,ADANIENT,290.0,297.6,270.25,279.55,285.34,15172397
01-09-2020,ADANIENT,279.95,287.05,271.55,281.1,279.25,5169526
02-09-2020,ADANIENT,283.0,306.0,280.4,293.05,295.95,17406700
03-09-2020,ADANIENT,294.75,298.7,287.65,291.25,293.83,9061932
04-09-2020,ADANIENT,284.0,293.45,280.1,285.15,286.24,6720255
07-09-2020,ADANIENT,285.15,291.7,282.05,285.25,286.61,5812023
08-09-2020,ADANIENT,286.0,289.8,273.55,277.7,283.06,5660442
09-09-2020,ADANIENT,276.9,286.9,274.4,283.05,280.5,6661093
10-09-2020,ADANIENT,287.65,307.95,285.9,298.3,299.65,25430550
11-09-2020,ADANIENT,299.0,303.65,292.1,296.0,297.79,9743753
14-09-2020,ADANIENT,301.8,304.0,290.15,293.15,298.72,6120187
15-09-2020,ADANIENT,294.9,298.7,270.0,288.55,292.8,2552782
16-09-2020,ADANIENT,292.7,302.85,290.1,297.1,298.13,6159258
17-09-2020,ADANIENT,295.0,300.8,292.15,293.7,296.11,2466000
18-09-2020,ADANIENT,297.6,299.7,287.3,291.55,293.25,2744797
21-09-2020,ADANIENT,293.0,296.25,265.0,277.1,284.79,6460064
22-09-2020,ADANIENT,278.25,283.0,257.5,280.4,272.72,12536116
23-09-2020,ADANIENT,283.95,296.25,278.45,283.55,287.54,8864858
24-09-2020,ADANIENT,277.95,281.25,269.5,270.45,274.65,3690059
25-09-2020,ADANIENT,275.9,283.6,275.0,280.3,279.53,7663618
28-09-2020,ADANIENT,283.1,302.05,282.1,295.7,291.16,5876021
29-09-2020,ADANIENT,299.9,307.0,292.15,297.9,299.22,10246726
30-09-2020,ADANIENT,300.0,304.7,295.1,297.1,298.58,5618024
01-10-2020,ADANIENT,299.8,311.95,296.0,308.15,303.2,6914505
05-10-2020,ADANIENT,311.5,334.5,307.35,326.6,321.41,20009598
06-10-2020,ADANIENT,329.4,331.15,320.3,327.15,325.56,7705557
07-10-2020,ADANIENT,325.15,335.6,323.25,330.1,329.82,8234015
08-10-2020,ADANIENT,329.0,329.8,310.5,316.25,322.01,4125999
09-10-2020,ADANIENT,318.8,322.05,310.5,313.0,317.16,2468904
12-10-2020,ADANIENT,315.0,322.7,313.0,315.35,317.15,2556329
13-10-2020,ADANIENT,315.5,316.8,309.75,313.2,313.21,1454129
14-10-2020,ADANIENT,312.95,315.7,310.05,313.4,312.86,1517710
15-10-2020,ADANIENT,315.0,325.85,305.35,307.1,318.03,4960733
16-10-2020,ADANIENT,309.25,313.95,305.35,307.0,309.67,1871538
19-10-2020,ADANIENT,309.9,319.25,309.35,316.95,314.14,3330111
20-10-2020,ADANIENT,315.3,327.85,313.5,321.9,323.43,7199010
21-10-2020,ADANIENT,322.0,324.7,306.0,312.0,315.66,4998996
22-10-2020,ADANIENT,311.0,314.8,309.0,311.5,312.15,2381193
23-10-2020,ADANIENT,314.0,322.45,313.3,315.45,318.08,4159352
26-10-2020,ADANIENT,318.0,318.7,305.05,307.4,313.27,4397443
27-10-2020,ADANIENT,308.0,315.35,303.0,314.05,309.77,3550035
28-10-2020,ADANIENT,313.8,320.8,309.85,318.85,315.19,3098009
29-10-2020,ADANIENT,315.4,332.35,313.2,328.9,323.95,6897070
30-10-2020,ADANIENT,331.05,347.5,329.65,339.7,338.75,14205844
02-11-2020,ADANIENT,339.1,344.3,333.05,341.1,340.09,4272022
03-11-2020,ADANIENT,344.0,349.6,340.15,344.8,344.64,4078834
04-11-2020,ADANIENT,342.6,359.5,337.5,351.85,348.57,9701398
05-11-2020,ADANIENT,353.0,354.95,345.25,352.75,349.92,5361436
06-11-2020,ADANIENT,352.0,353.85,345.05,352.1,350.07,3863486
09-11-2020,ADANIENT,354.0,364.7,351.85,357.9,358.68,6278843
10-11-2020,ADANIENT,358.1,361.75,353.2,359.5,357.59,3590100
11-11-2020,ADANIENT,359.2,362.7,354.05,360.1,358.64,2869576
12-11-2020,ADANIENT,358.2,369.5,358.0,365.55,365.33,4199715
13-11-2020,ADANIENT,364.0,371.65,362.05,368.6,367.75,2786714
14-11-2020,ADANIENT,369.8,372.85,369.5,371.25,371.43,620753
17-11-2020,ADANIENT,372.0,401.95,371.0,394.3,388.4,10496968
18-11-2020,ADANIENT,393.95,404.7,387.4,394.5,395.65,8656493
19-11-2020,ADANIENT,390.0,398.5,377.8,385.75,390.19,7731483
20-11-2020,ADANIENT,385.1,402.0,385.0,388.3,392.07,5490838
23-11-2020,ADANIENT,390.1,413.7,383.1,409.05,399.58,7318547
24-11-2020,ADANIENT,409.9,415.5,404.2,407.2,409.95,6167783
25-11-2020,ADANIENT,408.95,411.5,393.0,399.25,402.44,3448648
26-11-2020,ADANIENT,402.8,411.55,399.15,401.95,404.58,5490958
27-11-2020,ADANIENT,401.0,407.85,396.3,398.4,401.07,6429153
01-12-2020,ADANIENT,398.0,423.95,395.1,421.9,414.64,7846125
02-12-2020,ADANIENT,420.55,461.9,419.35,453.75,445.42,16821595
03-12-2020,ADANIENT,453.75,457.0,443.25,447.55,448.46,6848649
04-12-2020,ADANIENT,449.0,456.55,442.0,445.95,448.93,4131360
07-12-2020,ADANIENT,446.0,466.35,445.95,457.55,455.56,5371039
08-12-2020,ADANIENT,457.55,462.3,446.55,451.9,454.47,3872952
09-12-2020,ADANIENT,454.0,458.1,447.3,449.1,452.13,2798049
10-12-2020,ADANIENT,448.0,452.25,438.05,447.25,445.49,3113868
11-12-2020,ADANIENT,447.25,451.8,440.4,449.8,447.56,2940168
14-12-2020,ADANIENT,451.0,462.0,447.0,455.15,454.65,3762369
15-12-2020,ADANIENT,455.5,464.05,446.55,462.45,457.24,4779869
16-12-2020,ADANIENT,462.5,467.55,457.55,463.25,462.55,4088505
17-12-2020,ADANIENT,463.4,473.95,455.1,459.3,465.6,4912523
18-12-2020,ADANIENT,461.0,464.2,450.8,455.15,456.21,2159692
21-12-2020,ADANIENT,454.0,460.75,409.65,429.2,440.63,5350194
22-12-2020,ADANIENT,428.2,461.55,418.1,458.8,442.35,8342699
23-12-2020,ADANIENT,458.0,466.8,454.2,463.6,460.75,4604130
24-12-2020,ADANIENT,465.0,479.85,462.4,473.65,471.69,7985151
28-12-2020,ADANIENT,473.0,507.0,472.7,490.85,495.3,13714406
29-12-2020,ADANIENT,492.0,499.15,484.7,489.2,492.18,5849496
30-12-2020,ADANIENT,489.2,496.0,478.4,484.15,488.75,5419517
31-12-2020,ADANIENT,481.0,484.0,435.75,479.55,476.54,7575962
01-01-2021,ADANIENT,477.0,493.25,477.0,491.15,488.66,5035248
04-01-2021,ADANIENT,492.0,502.6,486.65,494.5,495.14,4936582
05-01-2021,ADANIENT,492.0,501.4,489.6,494.4,496.08,3654033
06-01-2021,ADANIENT,496.0,500.65,484.25,490.9,493.83,3295461
07-01-2021,ADANIENT,493.9,523.95,493.8,518.1,513.58,9879731
08-01-2021,ADANIENT,523.0,526.6,514.1,518.0,519.81,3702267
11-01-2021,ADANIENT,520.6,524.6,510.5,519.15,517.28,4148831
12-01-2021,ADANIENT,519.0,536.6,517.1,525.4,529.05,4878024
13-01-2021,ADANIENT,529.1,540.2,521.3,536.05,532.73,4948731
14-01-2021,ADANIENT,534.95,541.0,528.4,532.1,535.12,3161306
15-01-2021,ADANIENT,534.7,537.5,518.8,527.3,528.77,3376852
18-01-2021,ADANIENT,528.0,529.1,502.05,507.85,515.17,5204588
19-01-2021,ADANIENT,512.3,532.0,512.3,530.1,525.05,4181185
20-01-2021,ADANIENT,532.15,552.15,531.0,546.75,540.74,6681731
21-01-2021,ADANIENT,551.4,552.95,531.55,536.9,544.69,4208383
22-01-2021,ADANIENT,534.05,546.75,521.6,526.8,534.48,4179558
25-01-2021,ADANIENT,530.25,534.4,509.0,513.9,521.95,3728411
27-01-2021,ADANIENT,513.1,521.55,507.05,512.8,514.84,2792007
28-01-2021,ADANIENT,507.3,519.5,501.35,511.85,511.77,4197516
29-01-2021,ADANIENT,515.2,525.2,502.5,506.65,516.23,3822560
01-02-2021,ADANIENT,510.5,539.5,496.9,537.2,520.04,4004036
02-02-2021,ADANIENT,542.05,566.9,540.8,564.2,554.82,5144708
03-02-2021,ADANIENT,568.0,576.6,558.35,566.6,568.07,6087209
04-02-2021,ADANIENT,561.95,611.7,556.0,589.7,593.78,11184167
05-02-2021,ADANIENT,595.0,607.85,588.6,595.35,597.53,4754950
08-02-2021,ADANIENT,605.4,638.0,603.55,628.3,626.7,7085276
09-02-2021,ADANIENT,631.45,641.9,621.0,629.85,631.69,4510798
10-02-2021,ADANIENT,633.05,654.9,622.1,650.7,641.02,5991927
11-02-2021,ADANIENT,654.0,661.0,645.35,658.6,652.55,3688016
12-02-2021,ADANIENT,657.0,724.45,655.2,718.95,697.58,16810897
15-02-2021,ADANIENT,725.0,787.95,707.65,763.45,755.68,21579566
16-02-2021,ADANIENT,760.0,802.95,756.25,780.2,785.36,19426061
17-02-2021,ADANIENT,787.15,802.0,782.25,785.45,791.11,8908279
18-02-2021,ADANIENT,787.25,824.5,786.0,808.2,805.77,9694238
19-02-2021,ADANIENT,813.0,831.0,729.5,781.9,787.61,20210882
22-02-2021,ADANIENT,786.0,813.0,780.55,805.9,796.64,10890564
23-02-2021,ADANIENT,814.8,827.3,789.0,799.65,807.7,9753081
24-02-2021,ADANIENT,806.0,812.05,795.45,805.2,803.79,4626257
25-02-2021,ADANIENT,814.0,862.4,809.0,843.5,837.0,12118095
26-02-2021,ADANIENT,833.9,861.0,819.85,833.65,840.2,11355426
01-03-2021,ADANIENT,840.75,860.95,836.45,851.5,849.28,5996840
02-03-2021,ADANIENT,857.4,876.5,852.25,872.55,862.74,5116413
03-03-2021,ADANIENT,880.45,944.9,872.85,915.35,910.94,11670544
04-03-2021,ADANIENT,910.0,938.7,905.4,918.4,924.59,8141787
05-03-2021,ADANIENT,918.0,934.0,888.3,909.9,912.32,7109101
08-03-2021,ADANIENT,918.1,926.4,905.1,910.2,914.76,3904469
09-03-2021,ADANIENT,918.0,928.4,893.6,905.2,911.92,5561849
10-03-2021,ADANIENT,911.0,914.1,888.7,898.15,901.15,5465016
12-03-2021,ADANIENT,905.0,923.8,889.3,894.1,908.2,6049852
15-03-2021,ADANIENT,898.75,904.0,874.5,896.2,892.85,5235064
16-03-2021,ADANIENT,900.7,904.4,888.05,897.8,896.66,2555026
17-03-2021,ADANIENT,898.0,905.4,865.0,873.9,885.28,3886557
18-03-2021,ADANIENT,876.0,891.0,857.75,871.05,877.32,4465851
19-03-2021,ADANIENT,866.0,895.4,840.2,889.65,870.63,4794995
22-03-2021,ADANIENT,892.9,1003.0,883.45,991.05,965.79,22596465
23-03-2021,ADANIENT,999.0,1086.7,991.05,1058.4,1057.72,31098225
24-03-2021,ADANIENT,1063.0,1093.0,1018.4,1025.45,1060.2,22877032
25-03-2021,ADANIENT,1032.95,1041.45,977.0,981.55,1000.27,13139164
26-03-2021,ADANIENT,1000.0,1018.45,978.0,988.3,992.42,9396506
30-03-2021,ADANIENT,1004.0,1042.45,988.0,1031.55,1021.02,10470731
31-03-2021,ADANIENT,1038.0,1053.15,1016.6,1031.15,1033.79,6440569
01-04-2021,ADANIENT,1043.4,1116.05,1035.0,1107.2,1082.05,12713083
05-04-2021,ADANIENT,1127.0,1150.0,1098.85,1138.25,1127.43,15795720
06-04-2021,ADANIENT,1153.4,1241.0,1142.5,1225.4,1203.66,21496457
07-04-2021,ADANIENT,1233.4,1251.6,1108.0,1165.55,1182.19,23007694
08-04-2021,ADANIENT,1162.5,1191.0,1137.75,1162.5,1168.28,12404773
09-04-2021,ADANIENT,1163.4,1228.0,1151.2,1201.4,1196.78,12923020
12-04-2021,ADANIENT,1177.4,1177.4,1061.4,1074.4,1104.57,13690016
13-04-2021,ADANIENT,1077.0,1116.3,1051.05,1106.35,1091.81,12137329
15-04-2021,ADANIENT,1095.0,1144.9,1081.35,1129.95,1118.21,9350889
16-04-2021,ADANIENT,1130.0,1192.0,1112.0,1159.0,1163.18,10661068
19-04-2021,ADANIENT,1100.0,1153.0,1089.0,1136.35,1130.34,8565063
20-04-2021,ADANIENT,1156.85,1177.7,1125.05,1142.75,1154.98,8261172
22-04-2021,ADANIENT,1134.0,1169.0,1123.0,1157.8,1150.53,7124786
23-04-2021,ADANIENT,1161.0,1182.9,1145.65,1157.6,1167.29,6167151
26-04-2021,ADANIENT,1160.0,1197.9,1160.0,1173.35,1183.45,6939823
27-04-2021,ADANIENT,1184.7,1213.5,1181.0,1191.15,1197.51,7109421
28-04-2021,ADANIENT,1207.95,1213.95,1180.75,1185.2,1196.37,5020151
29-04-2021,ADANIENT,1196.55,1212.65,1178.0,1182.3,1195.22,4070698
30-04-2021,ADANIENT,1171.0,1200.95,1143.0,1158.7,1178.39,4232500
03-05-2021,ADANIENT,1145.1,1264.4,1122.65,1255.55,1216.67,11276228
04-05-2021,ADANIENT,1285.0,1298.95,1241.85,1262.5,1275.28,10271516
05-05-2021,ADANIENT,1274.4,1288.25,1240.25,1267.5,1262.69,7805805
06-05-2021,ADANIENT,1272.35,1311.85,1263.0,1286.75,1285.52,6240535
07-05-2021,ADANIENT,1305.0,1322.4,1290.45,1298.9,1304.76,4584524
10-05-2021,ADANIENT,1294.9,1314.0,1286.3,1304.1,1300.14,3892338
11-05-2021,ADANIENT,1292.0,1326.0,1284.0,1303.5,1306.1,4744734
12-05-2021,ADANIENT,1311.0,1328.5,1278.6,1285.8,1305.08,4143731
14-05-2021,ADANIENT,1300.0,1302.0,1213.35,1220.35,1240.55,6377643
17-05-2021,ADANIENT,1230.0,1299.0,1227.45,1289.1,1277.97,7782732
18-05-2021,ADANIENT,1314.95,1344.95,1302.0,1326.7,1313.87,6531595
19-05-2021,ADANIENT,1350.0,1351.55,1283.9,1294.7,1311.78,9925284
20-05-2021,ADANIENT,1301.3,1320.0,1283.95,1302.0,1303.86,5837747
21-05-2021,ADANIENT,1320.0,1336.0,1300.05,1315.1,1315.58,8314215
24-05-2021,ADANIENT,1321.7,1328.65,1303.0,1306.8,1317.75,7913411
25-05-2021,ADANIENT,1314.35,1322.0,1272.9,1282.75,1298.84,3697062
26-05-2021,ADANIENT,1288.95,1326.85,1254.25,1322.8,1302.43,5630730
27-05-2021,ADANIENT,1329.5,1342.0,1304.25,1325.8,1327.15,36690935
28-05-2021,ADANIENT,1311.6,1330.45,1298.0,1302.6,1311.65,2979585
31-05-2021,ADANIENT,1307.05,1321.5,1292.0,1316.3,1306.27,2709718
01-06-2021,ADANIENT,1319.9,1430.0,1309.05,1416.25,1375.69,10018645
02-06-2021,ADANIENT,1425.55,1557.0,1413.0,1546.75,1506.78,24541949
03-06-2021,ADANIENT,1564.0,1623.8,1553.0,1583.1,1594.1,19107244
04-06-2021,ADANIENT,1605.0,1713.55,1585.8,1700.95,1658.36,21102075
07-06-2021,ADANIENT,1715.0,1717.2,1613.0,1624.3,1654.64,15350263
08-06-2021,ADANIENT,1633.0,1668.0,1602.45,1636.45,1633.09,12410257
09-06-2021,ADANIENT,1640.0,1649.45,1571.85,1594.65,1610.46,11614666
10-06-2021,ADANIENT,1612.0,1630.0,1591.0,1612.0,1609.08,5362307
11-06-2021,ADANIENT,1615.1,1620.1,1575.25,1601.6,1599.37,5355387
14-06-2021,ADANIENT,1441.45,1529.95,1201.2,1501.45,1372.66,43530006
15-06-2021,ADANIENT,1550.95,1572.6,1477.2,1538.85,1525.74,22320542
16-06-2021,ADANIENT,1510.0,1538.2,1409.3,1448.3,1494.23,12626149
17-06-2021,ADANIENT,1380.0,1436.0,1303.5,1367.7,1374.54,27926070
18-06-2021,ADANIENT,1350.0,1504.0,1332.55,1487.5,1422.42,30526777
21-06-2021,ADANIENT,1490.0,1582.0,1444.85,1540.0,1533.82,21101083
22-06-2021,ADANIENT,1554.05,1582.0,1531.8,1541.6,1563.12,12069983
23-06-2021,ADANIENT,1560.1,1569.95,1481.3,1504.75,1513.21,12679703
24-06-2021,ADANIENT,1509.95,1519.0,1488.05,1508.5,1503.94,7261764
25-06-2021,ADANIENT,1525.0,1534.0,1501.0,1519.45,1518.09,4962963
28-06-2021,ADANIENT,1524.9,1565.0,1518.2,1525.75,1540.1,6178022
29-06-2021,ADANIENT,1526.0,1548.7,1513.0,1523.55,1530.52,5551918
30-06-2021,ADANIENT,1539.0,1539.0,1502.7,1507.55,1522.9,3256147
01-07-2021,ADANIENT,1509.55,1522.55,1482.9,1490.25,1499.94,3759914
02-07-2021,ADANIENT,1490.25,1507.7,1411.55,1422.05,1456.48,6653653
05-07-2021,ADANIENT,1427.0,1443.95,1350.6,1394.35,1391.2,12239845
06-07-2021,ADANIENT,1400.9,1444.15,1378.75,1414.8,1418.36,9485434
07-07-2021,ADANIENT,1420.0,1437.1,1385.0,1425.65,1410.15,5549751
08-07-2021,ADANIENT,1420.0,1445.0,1411.8,1425.9,1426.98,3898830
09-07-2021,ADANIENT,1425.9,1456.6,1416.45,1431.35,1434.29,4502324
12-07-2021,ADANIENT,1442.0,1447.0,1414.15,1420.7,1429.72,2557189
13-07-2021,ADANIENT,1433.0,1433.0,1385.2,1417.7,1408.28,4157955
14-07-2021,ADANIENT,1449.0,1449.0,1397.8,1402.05,1416.75,3859529
15-07-2021,ADANIENT,1399.0,1429.0,1393.4,1407.95,1407.55,2728305
16-07-2021,ADANIENT,1409.0,1415.0,1388.25,1395.5,1399.16,2134914
19-07-2021,ADANIENT,1390.0,1412.65,1332.75,1380.6,1372.94,6190302
20-07-2021,ADANIENT,1340.0,1382.9,1336.1,1365.7,1361.89,4529933
22-07-2021,ADANIENT,1375.0,1424.9,1340.5,1416.75,1383.54,5009804
23-07-2021,ADANIENT,1430.0,1434.85,1386.2,1401.65,1407.89,4694140
26-07-2021,ADANIENT,1399.8,1416.8,1392.0,1403.9,1405.65,2054318
27-07-2021,ADANIENT,1403.9,1424.6,1378.15,1396.75,1399.99,2978042
28-07-2021,ADANIENT,1406.85,1424.8,1378.6,1399.9,1402.87,3188606
29-07-2021,ADANIENT,1413.95,1425.0,1397.0,1400.25,1412.71,2538248
30-07-2021,ADANIENT,1409.5,1449.5,1400.25,1420.25,1428.4,4403219
02-08-2021,ADANIENT,1435.0,1445.0,1424.1,1438.2,1434.26,2483790
03-08-2021,ADANIENT,1467.0,1467.0,1422.2,1442.8,1441.99,4442122
04-08-2021,ADANIENT,1460.0,1460.0,1423.05,1429.55,1439.53,3341801
05-08-2021,ADANIENT,1428.0,1438.0,1407.4,1432.35,1425.52,2104359
06-08-2021,ADANIENT,1422.0,1555.0,1422.0,1536.65,1514.25,14250256
09-08-2021,ADANIENT,1546.7,1565.0,1482.5,1493.4,1519.58,6031426
10-08-2021,ADANIENT,1488.0,1498.65,1426.05,1446.5,1464.07,3581449
11-08-2021,ADANIENT,1455.0,1456.6,1407.0,1437.05,1430.09,3197412
12-08-2021,ADANIENT,1443.6,1458.0,1430.25,1442.9,1444.61,2455443
13-08-2021,ADANIENT,1445.0,1454.0,1428.0,1437.0,1444.14,2095991
16-08-2021,ADANIENT,1431.5,1449.7,1413.55,1430.1,1430.82,1909352
17-08-2021,ADANIENT,1431.0,1451.0,1416.2,1441.65,1438.29,3062815
18-08-2021,ADANIENT,1441.9,1496.8,1432.6,1460.0,1463.29,4738820
20-08-2021,ADANIENT,1438.0,1482.65,1411.0,1430.1,1450.89,4933377
23-08-2021,ADANIENT,1415.05,1427.75,1361.55,1396.7,1402.44,4866080
24-08-2021,ADANIENT,1407.0,1448.4,1390.0,1437.8,1419.5,3362312
25-08-2021,ADANIENT,1444.25,1481.8,1425.0,1475.35,1460.08,5361140
26-08-2021,ADANIENT,1482.0,1494.65,1460.4,1475.7,1477.81,4678919
27-08-2021,ADANIENT,1475.0,1515.0,1474.1,1506.05,1497.5,5164477
30-08-2021,ADANIENT,1513.75,1527.0,1493.3,1516.55,1510.47,3149863
31-08-2021,ADANIENT,1517.3,1596.85,1512.8,1587.6,1568.03,7234384
01-09-2021,ADANIENT,1594.9,1600.85,1561.5,1565.2,1578.06,3056760
02-09-2021,ADANIENT,1571.0,1594.3,1565.5,1570.55,1577.49,2171898
03-09-2021,ADANIENT,1578.5,1581.4,1551.55,1565.55,1564.68,1687999
06-09-2021,ADANIENT,1572.0,1628.45,1566.05,1582.0,1602.87,5562312
07-09-2021,ADANIENT,1585.1,1592.35,1553.0,1558.1,1568.12,1651169
08-09-2021,ADANIENT,1559.9,1579.0,1538.25,1555.95,1559.05,2084219
09-09-2021,ADANIENT,1561.6,1565.5,1535.05,1545.0,1548.91,1243149
13-09-2021,ADANIENT,1548.0,1557.0,1525.25,1532.45,1535.32,1759456
14-09-2021,ADANIENT,1539.9,1547.25,1497.05,1513.2,1514.85,7143757
15-09-2021,ADANIENT,1524.0,1545.6,1496.9,1516.8,1510.67,12834337
16-09-2021,ADANIENT,1523.0,1535.0,1499.75,1503.2,1504.77,7616906
17-09-2021,ADANIENT,1503.2,1525.0,1465.75,1480.25,1492.82,3329954
20-09-2021,ADANIENT,1464.9,1488.5,1409.95,1418.85,1449.83,2273312
21-09-2021,ADANIENT,1420.0,1446.95,1381.35,1441.45,1426.17,2682157
22-09-2021,ADANIENT,1435.0,1462.65,1424.35,1437.75,1445.0,1663858
23-09-2021,ADANIENT,1453.0,1480.0,1441.1,1474.35,1466.34,1622616
24-09-2021,ADANIENT,1483.0,1516.0,1455.0,1461.7,1483.1,2760295
27-09-2021,ADANIENT,1462.0,1544.0,1462.0,1531.25,1507.29,4737676
28-09-2021,ADANIENT,1557.0,1557.9,1475.0,1487.3,1509.26,3547971
29-09-2021,ADANIENT,1466.3,1498.0,1464.3,1485.65,1481.71,1764350
30-09-2021,ADANIENT,1484.7,1519.0,1463.35,1468.1,1489.46,2072145
01-10-2021,ADANIENT,1465.0,1468.75,1422.65,1458.7,1448.65,2311858
04-10-2021,ADANIENT,1471.0,1531.0,1460.1,1526.65,1501.48,3209302
05-10-2021,ADANIENT,1515.0,1557.85,1512.35,1527.65,1539.11,2544835
06-10-2021,ADANIENT,1529.8,1541.0,1472.0,1479.55,1502.57,1777998
07-10-2021,ADANIENT,1502.85,1535.75,1490.0,1520.75,1520.12,1919106
08-10-2021,ADANIENT,1522.0,1569.45,1511.45,1547.9,1541.89,2646112
11-10-2021,ADANIENT,1553.0,1563.7,1532.15,1539.75,1548.23,1910095
12-10-2021,ADANIENT,1539.0,1566.9,1514.5,1554.45,1542.33,1900749
13-10-2021,ADANIENT,1568.45,1608.3,1551.3,1569.7,1579.52,3923958
14-10-2021,ADANIENT,1580.0,1656.0,1574.8,1646.35,1624.79,5256882
18-10-2021,ADANIENT,1672.95,1672.95,1608.55,1615.5,1629.93,3791222
19-10-2021,ADANIENT,1625.2,1637.0,1562.05,1569.45,1599.95,1822638
20-10-2021,ADANIENT,1574.0,1607.35,1539.1,1589.7,1579.93,2768997
21-10-2021,ADANIENT,1601.95,1626.85,1581.7,1595.05,1602.41,3129269
22-10-2021,ADANIENT,1595.05,1608.8,1537.0,1543.0,1580.51,2580699
25-10-2021,ADANIENT,1545.0,1551.4,1494.05,1532.2,1527.81,2276050
26-10-2021,ADANIENT,1532.0,1557.25,1520.9,1543.85,1547.15,1661783
27-10-2021,ADANIENT,1548.0,1581.15,1540.0,1566.55,1565.53,2121282
28-10-2021,ADANIENT,1550.0,1566.9,1367.7,1398.55,1449.36,7093354
29-10-2021,ADANIENT,1400.0,1454.8,1377.75,1423.6,1421.46,3165141
01-11-2021,ADANIENT,1436.0,1457.0,1411.2,1445.3,1437.16,1543436
02-11-2021,ADANIENT,1455.0,1489.0,1452.8,1472.8,1474.49,1667692
03-11-2021,ADANIENT,1474.0,1501.0,1464.45,1485.9,1482.16,1710819
04-11-2021,ADANIENT,1495.0,1511.5,1483.0,1489.45,1494.15,272261
08-11-2021,ADANIENT,1495.0,1575.15,1485.65,1568.25,1541.82,2565017
09-11-2021,ADANIENT,1555.0,1659.0,1554.95,1635.45,1619.67,4713708
10-11-2021,ADANIENT,1625.55,1686.0,1620.4,1655.85,1657.83,3728328
11-11-2021,ADANIENT,1650.0,1704.0,1640.85,1664.9,1675.12,4470709
12-11-2021,ADANIENT,1678.3,1719.5,1670.1,1705.2,1699.26,5349189
15-11-2021,ADANIENT,1713.75,1764.0,1691.8,1749.55,1725.43,3997553
16-11-2021,ADANIENT,1759.45,1766.55,1706.9,1711.6,1736.53,2172117
17-11-2021,ADANIENT,1714.0,1729.7,1682.5,1706.45,1709.59,1476385
18-11-2021,ADANIENT,1708.0,1714.0,1640.0,1688.75,1695.39,2255988
22-11-2021,ADANIENT,1691.4,1701.4,1610.05,1675.75,1672.66,2552170
23-11-2021,ADANIENT,1660.15,1720.35,1650.0,1707.95,1700.64,2472589
24-11-2021,ADANIENT,1721.6,1788.9,1712.45,1755.15,1761.35,4562858
25-11-2021,ADANIENT,1762.95,1773.7,1735.55,1763.05,1756.72,2341862
26-11-2021,ADANIENT,1740.0,1768.55,1660.85,1669.55,1712.26,3510810
29-11-2021,ADANIENT,1655.0,1697.0,1609.85,1665.05,1663.84,2119826
30-11-2021,ADANIENT,1668.0,1718.65,1648.15,1662.85,1681.76,2952368
01-12-2021,ADANIENT,1694.0,1705.0,1652.35,1693.3,1682.18,2476360
02-12-2021,ADANIENT,1692.5,1735.0,1687.65,1732.25,1712.44,2159661
03-12-2021,ADANIENT,1734.0,1745.0,1701.1,1708.1,1717.64,1544077
06-12-2021,ADANIENT,1710.0,1727.95,1640.0,1645.6,1680.1,1574680
07-12-2021,ADANIENT,1658.9,1686.7,1654.0,1678.45,1672.53,1476012
08-12-2021,ADANIENT,1679.8,1726.4,1679.05,1715.5,1710.77,1406394
09-12-2021,ADANIENT,1725.0,1739.25,1706.6,1722.25,1724.13,1306393
10-12-2021,ADANIENT,1710.6,1788.0,1710.6,1740.4,1755.73,2708578
13-12-2021,ADANIENT,1755.0,1762.2,1711.1,1719.55,1737.69,1104594
14-12-2021,ADANIENT,1712.0,1727.9,1683.0,1720.1,1707.47,1198653
15-12-2021,ADANIENT,1720.0,1727.0,1687.05,1695.3,1706.95,866378
16-12-2021,ADANIENT,1707.3,1719.85,1687.0,1702.05,1701.7,751885
17-12-2021,ADANIENT,1698.95,1702.0,1640.0,1645.3,1658.53,1215873
20-12-2021,ADANIENT,1629.0,1629.0,1555.2,1589.95,1586.87,1945211
21-12-2021,ADANIENT,1621.1,1645.9,1602.9,1620.5,1623.75,1563851
22-12-2021,ADANIENT,1631.25,1663.45,1627.0,1658.1,1645.89,993006
23-12-2021,ADANIENT,1674.7,1684.2,1658.2,1676.2,1672.63,979023
24-12-2021,ADANIENT,1680.0,1703.95,1658.2,1698.2,1685.94,1234386
27-12-2021,ADANIENT,1694.75,1738.0,1686.05,1730.2,1720.06,1672655
28-12-2021,ADANIENT,1740.0,1760.0,1728.1,1751.0,1744.31,1552918
29-12-2021,ADANIENT,1751.0,1755.0,1709.4,1718.05,1735.95,1100579
30-12-2021,ADANIENT,1714.0,1725.0,1685.0,1696.4,1707.42,1359574
31-12-2021,ADANIENT,1694.95,1725.0,1691.05,1709.45,1710.74,1310960
03-01-2022,ADANIENT,1713.0,1733.0,1711.2,1717.15,1722.25,1094708
04-01-2022,ADANIENT,1725.75,1728.0,1700.0,1719.0,1716.12,1191189
05-01-2022,ADANIENT,1722.0,1744.65,1702.55,1715.45,1721.84,1583598
06-01-2022,ADANIENT,1710.0,1723.85,1675.6,1713.1,1696.85,1615375
07-01-2022,ADANIENT,1719.9,1730.8,1689.5,1699.1,1712.34,1295933
10-01-2022,ADANIENT,1707.55,1766.0,1699.1,1752.6,1732.9,1670551
11-01-2022,ADANIENT,1758.0,1850.0,1737.0,1843.9,1799.11,5126019
12-01-2022,ADANIENT,1873.0,1873.0,1808.3,1830.1,1836.84,2518912
13-01-2022,ADANIENT,1834.0,1863.0,1808.0,1853.35,1841.12,1881069
14-01-2022,ADANIENT,1850.0,1890.45,1831.1,1870.25,1867.37,2357616
17-01-2022,ADANIENT,1876.0,1901.4,1855.65,1877.8,1881.03,1700525
18-01-2022,ADANIENT,1885.0,1908.5,1830.05,1840.95,1881.13,2294146
19-01-2022,ADANIENT,1839.8,1857.0,1811.25,1849.3,1836.13,1544606
20-01-2022,ADANIENT,1855.0,1880.35,1843.7,1865.85,1862.91,1252017
21-01-2022,ADANIENT,1860.85,1873.0,1810.75,1828.35,1840.16,1929667
24-01-2022,ADANIENT,1822.0,1827.45,1696.55,1715.8,1748.62,2381112
25-01-2022,ADANIENT,1668.0,1750.55,1668.0,1741.4,1733.27,1817963
27-01-2022,ADANIENT,1718.0,1725.55,1654.5,1686.0,1696.29,3549583
28-01-2022,ADANIENT,1702.5,1744.1,1683.95,1693.7,1715.02,1624750
31-01-2022,ADANIENT,1708.95,1734.0,1705.0,1714.95,1720.96,1024738
01-02-2022,ADANIENT,1727.95,1765.1,1699.15,1746.9,1735.03,1574361
02-02-2022,ADANIENT,1755.0,1786.0,1747.0,1779.35,1768.9,1405276
03-02-2022,ADANIENT,1771.95,1787.0,1746.4,1751.85,1767.83,588866
04-02-2022,ADANIENT,1758.0,1770.0,1733.7,1757.3,1755.46,855996
07-02-2022,ADANIENT,1765.0,1765.5,1722.1,1731.8,1744.43,854871
08-02-2022,ADANIENT,1739.4,1747.0,1677.05,1716.0,1716.43,1480201
09-02-2022,ADANIENT,1724.6,1791.9,1718.1,1783.15,1766.82,1674022
10-02-2022,ADANIENT,1799.0,1809.0,1766.0,1786.1,1788.91,1747943
11-02-2022,ADANIENT,1764.0,1774.9,1743.35,1764.3,1760.67,1196002
14-02-2022,ADANIENT,1736.3,1737.9,1653.0,1663.95,1698.44,1919476
15-02-2022,ADANIENT,1636.0,1751.4,1627.85,1744.25,1690.94,2261554
16-02-2022,ADANIENT,1744.25,1776.0,1730.0,1738.1,1756.26,1663614
17-02-2022,ADANIENT,1750.0,1762.0,1724.0,1730.95,1749.78,1075487
18-02-2022,ADANIENT,1739.0,1754.6,1725.0,1736.3,1744.39,945100
21-02-2022,ADANIENT,1738.8,1738.8,1671.3,1685.2,1700.68,1449291
22-02-2022,ADANIENT,1636.1,1678.9,1630.0,1667.7,1656.5,1717579
23-02-2022,ADANIENT,1682.0,1717.5,1670.0,1688.7,1698.31,1285012
24-02-2022,ADANIENT,1626.0,1648.6,1528.8,1543.95,1597.12,2798065
25-02-2022,ADANIENT,1594.0,1638.1,1578.8,1618.7,1618.92,1741584
28-02-2022,ADANIENT,1603.75,1651.1,1592.25,1644.45,1626.98,1869037
02-03-2022,ADANIENT,1638.0,1664.25,1615.5,1641.8,1648.05,1249817
03-03-2022,ADANIENT,1670.0,1678.2,1634.95,1643.8,1658.26,1333325
04-03-2022,ADANIENT,1621.8,1655.5,1601.2,1615.0,1625.44,1433490
07-03-2022,ADANIENT,1590.0,1592.0,1539.3,1564.05,1564.62,1508821
08-03-2022,ADANIENT,1574.9,1607.4,1553.4,1601.6,1585.53,1396347
09-03-2022,ADANIENT,1609.6,1669.95,1608.0,1656.55,1641.32,1498176
10-03-2022,ADANIENT,1682.0,1749.6,1678.25,1742.85,1723.34,2294474
11-03-2022,ADANIENT,1750.0,1757.0,1721.2,1734.1,1737.53,1354129
14-03-2022,ADANIENT,1732.0,1752.45,1722.45,1736.1,1735.11,659190
15-03-2022,ADANIENT,1740.0,1754.2,1686.65,1701.4,1722.96,1085901
16-03-2022,ADANIENT,1724.0,1764.0,1718.65,1758.0,1750.78,1269866
17-03-2022,ADANIENT,1775.6,1823.6,1760.0,1819.65,1798.04,2392329
21-03-2022,ADANIENT,1836.05,1841.9,1796.15,1802.95,1812.59,1081052
22-03-2022,ADANIENT,1802.95,1837.0,1790.0,1831.55,1815.39,964066
23-03-2022,ADANIENT,1848.05,1848.05,1800.85,1811.0,1823.79,1553366
24-03-2022,ADANIENT,1815.0,1839.55,1800.15,1832.8,1824.11,1030145
25-03-2022,ADANIENT,1835.55,1878.0,1822.0,1867.0,1853.23,1366115
28-03-2022,ADANIENT,1876.9,1924.4,1851.05,1909.7,1889.65,1895438
29-03-2022,ADANIENT,1919.25,1930.9,1885.5,1917.25,1913.69,1715098
30-03-2022,ADANIENT,1927.7,2015.0,1917.3,1995.25,1974.37,3215951
31-03-2022,ADANIENT,2005.0,2042.0,1991.0,2014.75,2012.97,2786973
01-04-2022,ADANIENT,2018.0,2049.0,2013.05,2043.65,2033.05,1267111
04-04-2022,ADANIENT,2050.0,2075.5,2032.0,2065.85,2059.9,1334265
05-04-2022,ADANIENT,2078.0,2189.8,2067.6,2139.85,2135.7,4970260
06-04-2022,ADANIENT,2153.75,2182.85,2124.2,2160.0,2160.56,2259018
07-04-2022,ADANIENT,2165.95,2214.95,2081.25,2099.05,2148.44,3499044
08-04-2022,ADANIENT,2115.0,2176.0,2105.25,2170.95,2145.17,1924054
11-04-2022,ADANIENT,2181.85,2200.0,2158.5,2180.2,2179.03,1615715
12-04-2022,ADANIENT,2188.0,2219.0,2155.0,2196.95,2192.02,2632324
13-04-2022,ADANIENT,2210.0,2217.15,2173.45,2199.45,2198.49,992512
18-04-2022,ADANIENT,2179.8,2240.0,2156.75,2233.85,2203.38,1747434
19-04-2022,ADANIENT,2245.0,2255.0,2140.1,2168.3,2216.45,1639219
20-04-2022,ADANIENT,2178.0,2207.95,2161.9,2183.95,2186.63,1119025
21-04-2022,ADANIENT,2216.0,2293.55,2203.9,2286.35,2259.66,2243636
22-04-2022,ADANIENT,2297.0,2306.0,2265.0,2273.3,2287.31,1786042
25-04-2022,ADANIENT,2259.95,2295.0,2242.6,2284.2,2270.87,1683622
26-04-2022,ADANIENT,2297.0,2413.9,2295.1,2395.3,2369.18,3199358
27-04-2022,ADANIENT,2404.95,2420.95,2325.0,2334.1,2368.2,2559876
28-04-2022,ADANIENT,2359.85,2389.9,2336.3,2378.55,2367.65,1679893
29-04-2022,ADANIENT,2389.0,2394.15,2301.5,2332.0,2344.5,1916180
02-05-2022,ADANIENT,2325.0,2362.3,2311.0,2339.5,2336.62,1006544
04-05-2022,ADANIENT,2358.7,2362.9,2233.05,2253.8,2288.22,1744686
05-05-2022,ADANIENT,2270.0,2303.8,2236.0,2255.4,2269.61,1636796
06-05-2022,ADANIENT,2210.0,2262.0,2200.0,2247.7,2230.94,1161579
09-05-2022,ADANIENT,2229.5,2244.2,2180.0,2197.65,2209.68,1450886
10-05-2022,ADANIENT,2190.0,2220.0,2097.5,2109.5,2152.75,1471866
11-05-2022,ADANIENT,2109.6,2157.75,2077.0,2119.3,2117.03,1397917
12-05-2022,ADANIENT,2103.0,2113.6,2011.05,2045.2,2055.5,1553685
13-05-2022,ADANIENT,2084.5,2135.0,2035.3,2054.15,2092.82,1547617
16-05-2022,ADANIENT,2082.65,2141.95,2057.65,2105.9,2108.04,1742552
17-05-2022,ADANIENT,2133.05,2192.25,2119.4,2184.85,2151.72,1061085
18-05-2022,ADANIENT,2199.7,2216.9,2172.0,2181.1,2192.29,1296983
19-05-2022,ADANIENT,2145.0,2154.75,2097.6,2114.75,2124.37,986930
20-05-2022,ADANIENT,2159.0,2232.4,2151.0,2219.55,2197.25,1444803
23-05-2022,ADANIENT,2231.75,2245.0,2155.65,2170.65,2197.44,1455450
24-05-2022,ADANIENT,2161.0,2178.9,2142.55,2160.2,2163.64,1008943
25-05-2022,ADANIENT,2168.0,2181.45,2066.2,2074.15,2114.93,1382448
26-05-2022,ADANIENT,2077.0,2088.0,1906.2,2046.4,1993.04,4967514
27-05-2022,ADANIENT,2080.0,2094.3,2047.7,2080.15,2071.42,1354005
30-05-2022,ADANIENT,2120.0,2175.0,2102.0,2165.65,2155.5,1384584
31-05-2022,ADANIENT,2160.0,2225.8,2150.4,2167.55,2190.84,2861556
01-06-2022,ADANIENT,2169.95,2189.3,2126.0,2150.9,2161.89,1448212
02-06-2022,ADANIENT,2155.0,2218.0,2142.3,2209.4,2184.25,1855167
03-06-2022,ADANIENT,2235.0,2242.25,2176.05,2190.0,2210.56,1651685
06-06-2022,ADANIENT,2188.5,2230.0,2168.2,2225.05,2207.8,1664487
07-06-2022,ADANIENT,2210.0,2254.7,2207.05,2227.55,2228.91,2046676
08-06-2022,ADANIENT,2244.95,2244.95,2158.55,2177.2,2202.14,1530739
09-06-2022,ADANIENT,2160.3,2224.0,2155.0,2219.2,2189.54,1440385
10-06-2022,ADANIENT,2190.0,2215.0,2171.0,2203.1,2192.57,1305761
13-06-2022,ADANIENT,2172.5,2172.5,2066.75,2079.75,2119.3,1764172
14-06-2022,ADANIENT,2274.0,2274.0,2053.1,2196.45,2161.83,6515102
15-06-2022,ADANIENT,2218.4,2219.7,2174.2,2184.6,2193.26,1313510
16-06-2022,ADANIENT,2205.0,2217.3,2076.05,2083.0,2135.55,2131789
17-06-2022,ADANIENT,2062.0,2137.4,2060.15,2095.8,2101.56,2280135
20-06-2022,ADANIENT,2107.3,2123.3,2025.0,2079.85,2059.09,2603594
21-06-2022,ADANIENT,2100.0,2177.0,2091.65,2161.8,2135.93,1331500
22-06-2022,ADANIENT,2149.95,2149.95,2077.1,2089.2,2101.66,1774137
23-06-2022,ADANIENT,2105.0,2128.0,2080.0,2110.35,2105.96,1026783
24-06-2022,ADANIENT,2121.0,2168.0,2108.6,2161.45,2139.29,1156536
27-06-2022,ADANIENT,2189.0,2211.0,2169.35,2181.6,2188.41,1202504
28-06-2022,ADANIENT,2170.0,2210.25,2160.0,2204.6,2186.15,1282047
29-06-2022,ADANIENT,2185.0,2247.8,2177.2,2220.1,2214.49,1692493
30-06-2022,ADANIENT,2220.0,2248.5,2180.5,2190.9,2214.04,1568415
01-07-2022,ADANIENT,2189.9,2242.0,2138.25,2232.2,2192.41,2141743
04-07-2022,ADANIENT,2232.2,2277.0,2228.35,2261.85,2257.28,1581159
05-07-2022,ADANIENT,2264.0,2290.7,2238.0,2246.45,2265.41,1356776
06-07-2022,ADANIENT,2245.0,2277.0,2236.5,2272.85,2262.28,1045463
07-07-2022,ADANIENT,2280.0,2294.95,2256.0,2274.3,2273.73,946131
08-07-2022,ADANIENT,2286.0,2303.6,2263.9,2293.05,2285.08,898576
11-07-2022,ADANIENT,2293.05,2384.6,2291.05,2373.25,2345.62,1967308
12-07-2022,ADANIENT,2364.4,2389.8,2350.15,2365.65,2373.27,1273008
13-07-2022,ADANIENT,2373.5,2384.65,2333.7,2353.5,2357.09,982185
14-07-2022,ADANIENT,2365.0,2404.0,2336.5,2383.1,2366.95,933554
15-07-2022,ADANIENT,2414.5,2422.95,2377.0,2405.25,2400.98,1169788
18-07-2022,ADANIENT,2424.0,2441.85,2406.05,2423.6,2424.1,937204
19-07-2022,ADANIENT,2406.95,2459.3,2405.0,2451.3,2436.68,843301
20-07-2022,ADANIENT,2462.0,2472.8,2444.0,2451.1,2456.64,693601
21-07-2022,ADANIENT,2453.8,2498.95,2451.25,2495.5,2485.65,1314165
22-07-2022,ADANIENT,2505.5,2514.05,2483.1,2499.4,2500.88,833522
25-07-2022,ADANIENT,2505.0,2562.15,2500.0,2550.6,2537.51,1220351
26-07-2022,ADANIENT,2555.0,2568.6,2533.0,2559.7,2551.72,865142
27-07-2022,ADANIENT,2560.0,2572.5,2528.0,2548.7,2553.07,953588
28-07-2022,ADANIENT,2559.9,2565.65,2531.6,2550.4,2551.15,759442
29-07-2022,ADANIENT,2565.0,2622.0,2560.0,2569.2,2585.58,1107195
01-08-2022,ADANIENT,2575.85,2669.4,2569.2,2660.15,2626.72,1267039
02-08-2022,ADANIENT,2660.0,2697.0,2640.0,2683.65,2676.62,1096480
03-08-2022,ADANIENT,2685.0,2717.0,2671.2,2711.4,2694.49,815831
04-08-2022,ADANIENT,2725.0,2743.9,2684.25,2723.6,2720.76,1223799
05-08-2022,ADANIENT,2760.0,2767.65,2685.0,2698.4,2713.14,1639981
08-08-2022,ADANIENT,2700.0,2807.65,2695.65,2791.9,2756.06,1581696
10-08-2022,ADANIENT,2801.75,2834.9,2781.55,2827.2,2812.11,1304663
11-08-2022,ADANIENT,2841.0,2848.4,2815.1,2834.05,2834.79,978616
12-08-2022,ADANIENT,2840.0,2871.15,2834.05,2864.55,2858.52,843025
16-08-2022,ADANIENT,2879.0,2986.0,2871.0,2975.85,2942.96,1969492
17-08-2022,ADANIENT,2986.0,3028.55,2980.0,3008.65,3007.02,1510171
18-08-2022,ADANIENT,3005.0,3186.0,3004.0,3153.65,3113.47,3502295
19-08-2022,ADANIENT,3178.0,3258.9,3075.25,3130.2,3173.83,6109949
22-08-2022,ADANIENT,3134.0,3191.8,3029.2,3051.6,3118.52,3473580
23-08-2022,ADANIENT,3032.65,3074.0,2927.4,3030.65,3011.45,4169136
24-08-2022,ADANIENT,3038.0,3153.0,2986.0,3134.65,3058.83,3475387
25-08-2022,ADANIENT,3167.0,3177.8,3055.7,3066.35,3107.36,3119494
26-08-2022,ADANIENT,3080.0,3172.95,3078.0,3139.55,3135.78,2897602
29-08-2022,ADANIENT,3055.0,3166.45,3037.85,3142.6,3124.04,1924984
30-08-2022,ADANIENT,3165.0,3263.1,3161.0,3194.35,3211.12,4392183
01-09-2022,ADANIENT,3200.0,3245.0,3184.4,3233.25,3216.37,1880363
02-09-2022,ADANIENT,3261.0,3369.4,3225.0,3355.8,3313.01,4835905
05-09-2022,ADANIENT,3374.1,3431.8,3313.0,3346.55,3373.03,3686950
06-09-2022,ADANIENT,3370.0,3447.6,3355.0,3435.8,3411.82,2580772
07-09-2022,ADANIENT,3435.8,3487.95,3406.1,3473.75,3458.14,2188110
08-09-2022,ADANIENT,3499.0,3501.5,3450.0,3462.8,3470.02,1560414
09-09-2022,ADANIENT,3479.0,3507.95,3415.15,3451.2,3467.05,1614634
12-09-2022,ADANIENT,3465.0,3495.5,3457.9,3463.8,3471.93,1647756
13-09-2022,ADANIENT,3478.0,3568.9,3421.3,3555.8,3503.77,3479669
14-09-2022,ADANIENT,3518.0,3608.0,3511.0,3572.1,3576.87,2740337
15-09-2022,ADANIENT,3590.0,3767.95,3575.0,3748.7,3677.96,4716688
16-09-2022,ADANIENT,3755.0,3866.95,3614.6,3702.2,3741.06,5687429
19-09-2022,ADANIENT,3718.95,3801.95,3680.75,3778.65,3762.56,3092486
20-09-2022,ADANIENT,3819.0,3885.0,3812.0,3834.55,3845.9,3338704
21-09-2022,ADANIENT,3837.65,3862.8,3571.25,3640.1,3686.35,6089846
22-09-2022,ADANIENT,3639.0,3735.95,3608.05,3716.3,3688.15,3490772
23-09-2022,ADANIENT,3732.0,3737.9,3655.0,3674.3,3696.89,3001474
26-09-2022,ADANIENT,3646.3,3658.0,3532.0,3586.2,3598.74,3123908
27-09-2022,ADANIENT,3596.0,3629.55,3485.85,3559.1,3556.17,3546332
28-09-2022,ADANIENT,3528.0,3596.95,3503.0,3548.75,3555.21,2259832
29-09-2022,ADANIENT,3583.5,3664.75,3443.6,3470.7,3495.25,15060223
30-09-2022,ADANIENT,3447.95,3523.8,3371.1,3455.75,3457.64,4307707
03-10-2022,ADANIENT,3440.0,3460.05,3110.2,3157.3,3239.55,7578847
04-10-2022,ADANIENT,3230.0,3291.2,3125.0,3237.7,3229.86,5642467
06-10-2022,ADANIENT,3270.0,3318.8,3208.05,3285.0,3269.85,2845165
07-10-2022,ADANIENT,3280.0,3310.95,3228.15,3277.6,3269.68,1930275
10-10-2022,ADANIENT,3234.0,3278.75,3214.35,3246.25,3250.34,1590792
11-10-2022,ADANIENT,3257.55,3338.0,3249.0,3273.95,3299.63,2544394
12-10-2022,ADANIENT,3297.0,3297.0,3145.0,3223.65,3207.73,2972601
13-10-2022,ADANIENT,3218.0,3262.8,3189.0,3233.65,3226.46,1840193
14-10-2022,ADANIENT,3272.0,3305.0,3194.85,3209.5,3242.81,1344415
17-10-2022,ADANIENT,3211.0,3235.0,3136.1,3212.6,3198.73,1985298
18-10-2022,ADANIENT,3249.0,3298.0,3226.1,3284.3,3268.8,1635079
19-10-2022,ADANIENT,3300.0,3310.0,3259.65,3277.25,3289.84,1396513
20-10-2022,ADANIENT,3260.0,3365.0,3245.0,3357.1,3308.85,2211287
21-10-2022,ADANIENT,3374.9,3382.0,3287.0,3311.9,3335.48,1120790
24-10-2022,ADANIENT,3325.0,3340.1,3287.4,3309.8,3317.49,248249
25-10-2022,ADANIENT,3321.95,3345.0,3294.0,3300.5,3313.09,879424
27-10-2022,ADANIENT,3319.85,3355.0,3297.0,3325.0,3322.7,1106870
28-10-2022,ADANIENT,3322.0,3387.95,3297.65,3323.3,3337.92,1323334
31-10-2022,ADANIENT,3339.95,3360.0,3326.1,3347.45,3343.51,575722
01-11-2022,ADANIENT,3361.9,3607.45,3352.0,3575.7,3519.15,4393335
02-11-2022,ADANIENT,3580.0,3625.15,3526.0,3580.7,3575.05,2534755
03-11-2022,ADANIENT,3550.0,3614.7,3542.45,3590.4,3588.04,1275216
04-11-2022,ADANIENT,3642.0,3849.8,3566.75,3833.25,3732.33,6112097
07-11-2022,ADANIENT,3852.45,4013.7,3820.0,3960.6,3943.84,5985652
09-11-2022,ADANIENT,3977.0,4048.0,3943.05,3997.2,4007.49,3732472
10-11-2022,ADANIENT,3995.0,4030.0,3962.15,3992.25,3997.44,2313795
11-11-2022,ADANIENT,4040.0,4048.95,3975.15,4008.85,4013.71,1476875
14-11-2022,ADANIENT,3999.0,4078.0,3990.0,4022.55,4035.32,1803092
15-11-2022,ADANIENT,4025.05,4065.0,4022.0,4057.8,4042.27,1065546
16-11-2022,ADANIENT,4057.3,4096.0,3863.55,3956.6,3979.89,3059841
17-11-2022,ADANIENT,3970.0,4033.0,3900.0,4018.15,3976.54,2266112
18-11-2022,ADANIENT,4028.35,4043.0,3984.0,4019.8,4013.45,1440776
21-11-2022,ADANIENT,4019.95,4019.95,3921.95,4001.85,3978.87,1492003
22-11-2022,ADANIENT,4001.85,4056.0,3988.0,4034.0,4031.64,1705043
23-11-2022,ADANIENT,4050.0,4061.85,3873.0,3903.3,3952.37,2861156
24-11-2022,ADANIENT,3910.0,3935.0,3821.0,3921.1,3883.06,2797181
25-11-2022,ADANIENT,3929.0,3949.9,3845.3,3901.1,3894.99,2506346
28-11-2022,ADANIENT,3899.4,3925.0,3871.4,3886.15,3900.75,1119166
29-11-2022,ADANIENT,3885.0,3915.0,3864.05,3878.4,3888.99,1513444
30-11-2022,ADANIENT,3897.8,3939.9,3867.0,3917.9,3904.01,1968428
01-12-2022,ADANIENT,3937.5,3944.95,3902.45,3915.1,3921.49,945838
02-12-2022,ADANIENT,3905.0,3963.8,3885.0,3922.5,3922.77,1297832
05-12-2022,ADANIENT,3928.9,3939.0,3810.05,3930.4,3874.71,2392866
06-12-2022,ADANIENT,3920.0,4057.0,3909.0,4031.8,4013.11,2962621
07-12-2022,ADANIENT,4031.0,4057.9,3984.55,3999.3,4016.92,1257261
08-12-2022,ADANIENT,4010.0,4045.0,4003.35,4025.0,4027.23,895075
09-12-2022,ADANIENT,4044.0,4094.0,3941.5,3996.8,4020.27,2129800
12-12-2022,ADANIENT,3997.0,4031.9,3968.75,4016.7,4008.66,802499
13-12-2022,ADANIENT,4027.8,4072.0,4011.6,4060.2,4047.97,1215308
14-12-2022,ADANIENT,4076.0,4092.05,4040.0,4055.8,4067.51,1114492
15-12-2022,ADANIENT,4055.8,4073.05,4025.0,4043.75,4051.93,866138
16-12-2022,ADANIENT,4018.9,4047.9,3944.05,3980.8,3992.46,1598960
19-12-2022,ADANIENT,3988.0,4104.0,3971.45,4075.3,4030.64,1643404
20-12-2022,ADANIENT,4095.0,4172.0,4066.4,4165.3,4125.2,3778426
21-12-2022,ADANIENT,4175.0,4190.0,3883.25,3901.95,4005.13,3585883
22-12-2022,ADANIENT,3948.0,3948.0,3817.05,3868.55,3877.13,2879658
23-12-2022,ADANIENT,3822.0,3848.0,3616.8,3642.2,3730.4,3036157
26-12-2022,ADANIENT,3653.0,3744.9,3620.0,3716.75,3711.03,2162662
27-12-2022,ADANIENT,3732.45,3797.9,3695.05,3769.65,3740.71,1804911
28-12-2022,ADANIENT,3756.05,3825.0,3745.0,3797.7,3784.81,1377950
29-12-2022,ADANIENT,3790.0,3825.0,3748.1,3810.6,3790.66,1531692
30-12-2022,ADANIENT,3829.7,3898.0,3822.05,3858.35,3858.43,1528747
